ATS,EMRating,EMRating3GameEMA,EMRating5GameExpMA,EMRating10GameExpMA,AdjO,AdjO3GameEMA,AdjD,AdjD3GameEMA,Date,HomeAway,Op Rank,Opponent,Result,Pace,PPP,EFG%,TO%,PPP1,EFG%1,TO%1,OverUnder,ATSVegas,OverUnderVegas,AdjO3ExpMA,AdjO3ExpMAS,AdjO5ExpMA,AdjO10ExpMA,AdjD3ExpMA,AdjD3ExpMAS,AdjD5ExpMA,AdjD10ExpMA,DateNew,AdjOECurrent,AdjDECurrent,AdjEMCurrent,AdjOECurrentOpp,AdjDECurrentOpp,AdjEMCurrentOpp,PomAdjOECurrent,PomAdjDECurrent,PomAdjEMCurrent,PomAdjTCurrent,PomSpread,PomTotal,PomTempo,TRankSpread,TRankTotal,B3GSpread,B3GTotal,TRankLast10Spread,TRankLast10Total,MC5Spread,MC5Total,PomAdjOECurrentOpp,PomAdjDECurrentOpp,PomAdjEMCurrentOpp,PomAdjTCurrentOpp,AdjOELast10,AdjDELast10,AdjEMLast10,AdjOEOppLast10,AdjDEOppLast10,AdjEMOppLast10,MC10Spread,MC10Total,MC10Edge,AdjOE_MG,AdjDE_MG,AdjEM_MG,Adj_Margin_EM_MG,AdjOE_MG_Opp,AdjDE_MG_Opp,AdjEM_MG_Opp,Adj_Margin_EM_MG_Opp,Dates,MG_Spread,MG_Total,MG_Rank_Score_Dif,MG_Rank_Total,GameDifRating,DifCumSum,DifCumSumEMA,DifCumSumShifted,DifOverplayingandEMA,PomSpreadWinATS,PomSpreadLossATS,PomTotalWinTotal,PomTotalLossTotal,TRankSpreadWinATS,TRankSpreadLossATS,TRankTotalWinTotal,TRankTotalLossTotal,B3GSpreadWinATS,B3GSpreadLossATS,B3GTotalWinTotal,B3GTotalLossTotal,TRankLast10SpreadWinATS,TRankLast10SpreadLossATS,TRankLast10TotalWinTotal,TRankLast10TotalLossTotal,MC5SpreadWinATS,MC5SpreadLossATS,MC5TotalWinTotal,MC5TotalLossTotal,MG_SpreadWinATS,MG_SpreadLossATS,MG_TotalWinTotal,MG_TotalLossTotal,MG_Rank_Score_DifWinATS,MG_Rank_Score_DifLossATS,MG_Rank_TotalWinTotal,MG_Rank_TotalLossTotal,PlayingOverRating,PlayingOverRating3,PlayingOverRatingShift,RollingMeanDiffEM,RollingMeanDiffEMShift,PlayingOverPomeroyTrue,PlayingOverPomeroyShiftTrue,PlayingOverDailyTrue,RollingMeanDiffEMTrue,RollingMeanDiffEMShiftTrue,SignalSum,SignalSumShift,SignalSumShiftAfterGame
-2.5,2,,2.0,2.0,116.2,0.0,114.2,0.0,Wed 11-25 11-25,N,89 (Ⅱ),Western Kentucky,"L, 93-87",79,110.2,61.9,21.5,117.8,50.8,11.4,39.5,3.5,140.5,116.2,0.0,116.2,116.2,114.2,0.0,114.2,114.2,20201125,113.6,98.9,14.699999999999989,113.5,98.2,15.299999999999995,105.0,94.2,10.82,69.3,-0.45129320566442743,139.90173887433386,70.77866287339971,0.5042366463557073,162.07315789162297,3.0293267709815126,162.07315789162297,0.5042366463557073,162.07315789162297,3.0293267709815126,183.72239365618572,105.1,94.9,10.22,71.8,113.6,98.9,14.699999999999989,113.5,98.2,15.299999999999995,3.0293267709815126,183.72239365618572,0,102.5797283,105.60326699999999,-3.023538699999989,0.765086192,104.1930427,106.48277639999999,-2.289733699999985,-3.334442122,2020-11-25,0.5804292878624864,158.78131726754498,-2.901591324765633,158.78131726754498,-8.82,-8.82,0.0,0.0,-8.82,0,1,0,1,0,1,1,0,0,1,1,0,0,1,1,0,0,1,1,0,0,1,1,0,0,1,1,0,-8.82,,0.0,-8.82,0.0,-1,0.0,-1,-1,1,-3,0.0,0.0
-4.5,13,,5.933333333333333,4.145454545454545,111.5,0.0,97.7,0.0,Thu 11-26 11-26,N,74 (Ⅱ),Saint Mary's,"L, 66-64",67,95.2,57.8,22.3,98.2,49.1,19.3,-6.0,-2.5,136.0,113.85,116.2,114.63333333333335,115.34545454545454,105.95,114.2,108.7,111.2,20201126,113.6,98.9,14.699999999999989,107.9,99.5,8.400000000000006,105.0,94.2,10.82,69.3,0.3876185983312723,129.48059611473218,66.93413940256046,-4.33420829324217,150.72576474059292,-5.485935385660611,150.72576474059292,-4.33420829324217,150.72576474059292,-5.485935385660611,145.88991664635572,103.5,92.3,11.2,67.9,113.6,98.9,14.699999999999989,107.9,99.5,8.400000000000006,-5.485935385660611,145.88991664635572,0,102.5797283,105.60326699999999,-3.023538699999989,0.765086192,98.05368498,96.10912664,1.9445583400000004,2.566516608,2020-11-26,3.401720601479383,138.6477323682517,1.2057719458855587,138.6477323682517,2.1799999999999997,-6.640000000000001,-8.82,-8.82,2.1799999999999997,1,0,1,0,0,1,0,1,0,1,0,1,0,1,0,1,0,1,0,1,1,0,0,1,1,0,0,1,-4.886666666666668,,-8.82,-3.3200000000000003,-8.82,-1,-1.0,1,-1,-1,-1,-3.0,0.0
-13.5,7,7.766666666666667,6.455555555555555,4.755371900826447,109.1,112.26666666666664,101.6,104.5,Fri 11-27 11-27,N,39 (I),Utah St.,"L, 82-71",76,94.0,46.4,13.2,108.6,52.7,17.2,17.5,-2.5,135.5,111.475,113.85,112.7888888888889,114.20991735537187,103.775,105.95,106.33333333333334,109.45454545454544,20201127,113.6,98.9,14.699999999999989,103.1,96.3,6.799999999999998,106.3,96.0,10.23,71.5,0.25864993312244167,145.70332420755398,73.53413940256046,-5.584941656581947,158.85671289852303,-14.322768743261497,158.85671289852303,-5.584941656581947,158.85671289852303,-14.322768743261497,166.99971800202374,103.9,93.5,10.44,72.3,113.6,98.9,14.699999999999989,103.1,96.3,6.799999999999998,-14.27945373282754,166.93480470513472,0,102.57972828338477,105.60326703307636,-3.023538749691596,0.7650861922094121,94.85016396702268,113.56634796673448,-18.716183999711802,-14.560892391144133,2020-11-27,-12.27424446352913,162.83876983683365,-11.269826456289763,162.83876983683365,-3.2300000000000004,-9.870000000000001,-8.093333333333334,-6.640000000000001,-1.7766666666666673,1,0,1,0,0,1,1,0,0,1,1,0,0,1,1,0,0,1,1,0,0,1,1,0,0,1,1,0,-3.7744444444444456,-2.463333333333334,-4.886666666666668,-3.29,-3.3200000000000003,-1,-1.0,-1,-1,-1,-3,-1.0,-3.0
-0.5,4,8.666666666666666,5.870370370370371,4.745304282494365,101.5,107.36666666666666,96.8,98.7,Wed 12-09 12-09,A,65 (I),Richmond,"L, 78-68",72,94.0,46.7,13.8,107.8,55.9,18.0,7.0,9.5,139.0,106.4875,111.475,109.02592592592596,111.8990232907588,100.2875,103.775,103.15555555555555,107.15371900826445,20201209,109.4,96.5,12.900000000000004,108.7,94.3,14.400000000000004,105.7,96.7,9.04,72.3,8.757385841389407,152.09643669854,75.69388335704124,5.8423565598133536,160.91443498722919,15.144989914239165,160.91443498722919,5.8423565598133536,160.91443498722919,15.144989914239165,163.86202163794283,107.4,92.6,14.86,73.6,109.4,96.5,12.900000000000004,108.7,94.3,14.400000000000004,15.148554458332507,163.7839613069917,0,97.38588124937829,103.90552304035688,-6.519641790978596,-8.957552357976613,100.74604002454588,97.4885232065198,3.257516818026076,-5.317556709368692,2020-12-09,11.852710401212335,154.5626042742674,4.723407412764445,154.5626042742674,-5.039999999999999,-14.91,-8.685555555555556,-9.870000000000001,-6.224444444444444,0,1,1,0,0,1,1,0,1,0,1,0,0,1,1,0,1,0,1,0,1,0,1,0,0,1,1,0,-3.169629629629628,-0.3733333333333331,-3.7744444444444456,-3.727499999999999,-3.29,-1,-1.0,-1,-1,-1,-3,-3.0,-1.0
-25.5,-19,-2.5,-2.653086419753086,0.3007035038590247,88.5,99.7,108.2,102.2,Sun 12-27 12-27,H,105 (Ⅲ),Missouri St.,"L, 79-59",70,84.6,35.8,14.3,113.2,60.2,20.1,-6.5,-5.5,144.5,97.49375,106.4875,102.18395061728395,107.64465541971174,104.24375,100.2875,104.83703703703705,107.34395191585271,20201227,110.1,98.3,11.799999999999995,106.0,99.8,6.200000000000002,106.8,98.1,8.7,70.9,-9.91152687704664,149.09298518822854,71.40426742532006,-8.52883966493259,156.50728341502952,-4.349545019534789,156.50728341502952,-8.52883966493259,156.50728341502952,-4.349545019534789,165.45788719818646,102.7,101.9,0.84,70.8,110.1,98.3,11.799999999999995,106.0,99.8,6.200000000000002,-4.542521091052994,165.3093352070835,0,96.82438728739949,104.15399057980072,-7.329603292401231,-8.758791216082335,106.65575267198595,100.51212260702776,6.143630064958188,17.33841136002451,2020-12-27,5.7944033821364656,151.96645902465463,16.549429821298673,151.96645902465463,-27.7,-42.61,-10.76037037037037,-14.91,-31.84962962962963,0,1,0,1,0,1,0,1,1,0,0,1,0,1,0,1,1,0,0,1,1,0,0,1,1,0,0,1,-11.353086419753085,-11.2,-3.169629629629628,-8.522,-3.727499999999999,-1,-1.0,-1,-1,-1,-3,-3.0,-3.0
6.0,26,3.9000000000000012,7.131275720164609,5.100575594066474,120.7,103.56666666666663,94.0,99.66666666666669,Mon 12-28 12-28,H,105 (Ⅲ),Missouri St.,"W, 85-75",74,114.2,58.5,13.4,100.7,46.3,12.1,18.0,-4.0,142.0,109.096875,97.49375,108.35596707818931,110.0183544343096,99.121875,104.24375,101.22469135802471,104.91777884024313,20201228,113.6,98.9,14.699999999999989,105.4,100.6,4.800000000000012,106.8,98.1,8.7,70.9,-9.91152687704664,149.09298518822854,71.40426742532006,-11.804275101086802,159.84321791742065,3.996896659527642,159.84321791742065,-11.804275101086802,159.84321791742065,3.996896659527642,157.32165758671206,102.7,101.9,0.84,70.8,113.6,98.9,14.699999999999989,105.4,100.6,4.800000000000012,4.0889545669037055,157.36983672002486,0,93.97366779898623,103.670218160893,-9.696550361906773,-16.040077972410735,106.00665182839107,95.58352808314777,10.423123745243302,13.56533744723495,2020-12-28,10.580246923892219,145.4921868430942,19.164949495509298,145.4921868430942,17.3,-25.31,-21.376913580246914,-42.61,-3.933086419753085,1,0,1,0,1,0,1,0,0,1,1,0,1,0,1,0,0,1,1,0,0,1,1,0,0,1,1,0,-1.56872427983539,-4.799999999999998,-11.353086419753085,-4.218333333333334,-8.522,-1,-1.0,-1,-1,-1,-3,-3.0,-3.0
-10.5,-9,-0.9000000000000009,1.5208504801097391,2.409561849690752,81.5,96.89999999999998,91.2,97.8,Sat 1-02 1-02,A,208 (Ⅲ),Evansville,"L, 65-61",69,88.2,45.1,23.1,94.0,50.0,13.0,-9.0,-6.5,135.0,95.2984375,109.096875,99.40397805212623,104.83319908261691,95.1609375,99.121875,97.88312757201645,102.42363723292618,20210102,105.9,99.9,6.0,96.9,106.4,-9.5,105.9,99.3,6.6,71.6,-7.407965050487135,133.8903759791886,65.18349928876245,-6.693048691230317,139.76659471940945,-4.551807907065659,139.76659471940945,-6.693048691230317,139.76659471940945,-4.551807907065659,139.74443253516156,95.5,105.8,-10.24,64.0,105.9,99.9,6.0,96.9,106.4,-9.5,-8.36198149134368,140.95810568835688,0,97.29120191438368,101.72783466698101,-4.436632752597333,-9.723956870083681,100.81378337023578,102.16988377404263,-1.356100403806849,0.7066230505097686,2021-01-02,5.8886254506543025,135.09289117789817,8.54186557627311,135.09289117789817,-15.6,-40.91,-22.687942386831274,-25.31,-18.222057613168722,0,1,1,0,0,1,0,1,1,0,0,1,0,1,0,1,1,0,0,1,1,0,0,1,1,0,0,1,-5.079149519890261,-7.500000000000001,-1.56872427983539,-5.844285714285714,-4.218333333333334,-1,-1.0,-1,-1,-1,-3,-3.0,-3.0
-11.5,-16,0.2999999999999972,-4.3527663465935085,-0.9558130320712048,96.6,99.59999999999998,112.7,99.3,Sun 1-03 1-03,A,208 (Ⅲ),Evansville,"L, 70-64",61,105.4,50.0,16.5,115.3,57.7,13.2,1.0,-5.5,133.0,95.94921875,95.2984375,98.4693187014175,103.33625379486837,103.93046875,95.1609375,102.82208504801098,104.2920668269396,20210103,105.9,99.9,6.0,96.8,106.3,-9.5,105.9,99.3,6.6,71.5,-7.331490060680139,133.7695069172782,65.09246088193457,-6.68381973184313,139.4398969584361,-0.06177884925621354,139.4398969584361,-6.68381973184313,139.4398969584361,-0.06177884925621354,130.8567587342587,95.6,105.8,-10.23,64.0,105.9,99.9,6.0,96.8,106.3,-9.5,-5.498626437844516,135.0725778060889,0,95.51573366676105,99.95438510909108,-4.438651442330027,-8.147936663011807,98.80989534289104,100.64831837692616,-1.8384230340351166,1.5976515882130191,2021-01-03,5.399142973787136,130.18717176587256,8.10653974033756,130.18717176587256,-22.6,-63.51,-28.76196159122085,-40.91,-34.74803840877915,0,1,1,0,0,1,1,0,1,0,1,0,0,1,1,0,1,0,0,1,1,0,0,1,1,0,0,1,-10.952766346593508,-6.3000000000000025,-5.079149519890261,-7.938749999999999,-5.844285714285714,-1,-1.0,-1,-1,-1,-3,-3.0,-3.0
3.5,2,-7.8000000000000025,-2.101844231062338,-0.3456652080582574,105.9,94.66666666666664,103.5,102.46666666666664,Sun 1-10 1-10,H,159 (Ⅳ),Bradley,"W, 78-72",71,109.7,60.0,18.3,101.3,49.2,19.7,13.0,-2.5,137.0,100.924609375,95.94921875,100.9462124676117,103.80238946852869,103.715234375,103.93046875,103.04805669867399,104.14805467658691,20210110,104.6,101.8,2.799999999999997,102.7,95.9,6.799999999999998,105.0,101.0,4.0,71.4,-2.499436025661268,137.72495552774643,67.84523470839261,-1.0411106422579905,142.31853429791516,4.720992552169722,142.31853429791516,-1.0411106422579905,142.31853429791516,4.720992552169722,131.3329843099896,102.0,96.2,5.74,66.8,104.6,101.8,2.799999999999997,102.7,95.9,6.799999999999998,2.4078662530322483,131.4872296904226,0,97.2749891908287,101.95243862955631,-4.677449438727606,-5.621613287097149,97.44708360028065,92.49765699027327,4.949426610007379,-0.29876487701284155,2021-01-10,2.8308377196274535,131.42123799954436,1.7678661476135602,131.42123799954436,-2.0,-65.50999999999999,-40.3446410608139,-63.51,-25.165358939186092,0,1,1,0,0,1,1,0,0,1,1,0,0,1,1,0,0,1,0,1,0,1,0,1,0,1,0,1,-6.101844231062338,-11.800000000000002,-10.952766346593508,-7.278888888888888,-7.938749999999999,-1,-1.0,-1,-1,-1,-3,-3.0,-3.0
-0.5,-3,-5.666666666666668,-2.501229487374891,-0.8828169884113011,104.8,102.43333333333332,108.1,108.1,Mon 1-11 1-11,H,159 (Ⅳ),Bradley,"L, 75-73",69,105.8,55.8,23.2,108.7,57.9,13.0,11.0,1.5,137.0,102.8623046875,100.924609375,102.23080831174113,103.98377320152346,105.9076171875,103.715234375,104.732037799116,104.86659018993477,20210111,104.9,101.9,3.0,102.7,95.9,6.799999999999998,105.6,101.3,4.24,71.5,-2.7153448330312813,138.52410636551076,67.73684210526315,-1.1754765559884817,142.37221623926683,2.527999630973738,142.37221623926683,-1.1754765559884817,142.37221623926683,2.527999630973738,137.95943461637404,102.3,96.5,5.77,66.6,104.9,101.9,3.0,102.7,95.9,6.799999999999998,0.9019216551269703,133.26010614117774,0,99.1698513386765,102.19152001756365,-3.0216686788871527,-2.4754198375924954,97.56123960762486,94.85804080137642,2.7031988062484373,-1.54027600327846,2021-01-11,0.14175100548413866,134.37371171237308,-1.225113198724742,134.37371171237308,-7.24,-72.74999999999999,-48.733094040542596,-65.50999999999999,-24.01690595945739,0,1,1,0,0,1,1,0,1,0,1,0,0,1,1,0,1,0,1,0,0,1,0,1,0,1,0,1,-6.741229487374891,-9.906666666666668,-6.101844231062338,-7.274999999999999,-7.278888888888888,-1,-1.0,-1,-1,-1,-3,-3.0,-3.0
-5.5,12,3.833333333333338,2.4658470084167403,1.5322406458453004,116.4,109.0333333333333,104.0,105.2,Sat 1-16 1-16,A,13 (I-A),Loyola Chicago,"L, 72-57",61,93.0,48.2,29.4,117.5,50.0,8.2,-9.0,9.5,138.0,109.63115234375,102.8623046875,106.95387220782743,106.24126898306466,104.95380859375,105.9076171875,104.48802519941069,104.70902833721935,20210116,105.4,102.4,3.0,108.6,94.9,13.699999999999989,106.0,102.1,3.89,72.0,12.046844417246007,141.63780297371113,67.80085348506401,11.875493290043295,146.9537104879772,17.974833272481575,146.9537104879772,11.875493290043295,146.9537104879772,17.974833272481575,140.4205039587179,108.5,93.2,15.32,66.2,105.4,102.4,3.0,108.6,94.9,13.699999999999989,12.816205967689902,143.07710229433948,0,100.4530452586167,102.95984104420364,-2.506795785586945,-1.8572185181384009,105.43321507335024,98.6628449539274,6.770370119422836,9.585381043585633,2021-01-16,10.598945717485009,144.44181490362345,9.729960703422407,144.44181490362345,8.11,-64.63999999999999,-56.73872936036173,-72.74999999999999,-7.9012706396382555,1,0,0,1,1,0,0,1,1,0,0,1,1,0,0,1,1,0,0,1,1,0,0,1,1,0,0,1,-1.4241529915832598,-0.0566666666666622,-6.741229487374891,-5.876363636363635,-7.274999999999999,-1,-1.0,-1,-1,-1,-3,-3.0,-3.0
-32.0,-21,-4.266666666666667,-5.656101994388841,-2.728166744308392,92.5,104.56666666666663,114.4,108.83333333333331,Sun 1-17 1-17,A,13 (I-A),Loyola Chicago,"L, 88-46",67,69.0,34.9,25.5,132.1,72.6,13.5,-2.0,10.0,136.0,101.065576171875,109.63115234375,102.13591480521828,103.74285644068924,109.676904296875,104.95380859375,107.79201679960713,106.47102318499763,20210117,105.0,102.1,2.9000000000000057,108.8,94.7,14.099999999999996,106.0,102.1,3.9,71.9,12.154470359718204,141.5085998487229,67.60440967283073,12.152471274462528,146.05654707410991,16.585498164601916,146.05654707410991,12.152471274462528,146.05654707410991,16.585498164601916,139.31249172407806,108.8,93.3,15.52,66.1,105.0,102.1,2.9000000000000057,108.8,94.7,14.099999999999996,11.542579722656214,142.30113353916096,0,99.17044475215602,102.7206153317865,-3.550170579630489,-2.8698098586988814,105.72275498422745,97.71541856392156,8.00733642030589,11.297663737319324,2021-01-17,12.085991947932087,142.58279606503217,11.550526773059758,142.58279606503217,-24.9,-89.53999999999999,-59.37248624024115,-64.63999999999999,-30.16751375975884,1,0,0,1,1,0,0,1,1,0,0,1,1,0,0,1,1,0,0,1,1,0,0,1,1,0,0,1,-9.556101994388841,-8.166666666666666,-1.4241529915832598,-7.461666666666666,-5.876363636363635,-1,-1.0,-1,-1,-1,-3,-3.0,-3.0
9.5,10,0.16666666666666666,-0.4374013295925616,-0.4139546089795929,104.4,104.4333333333333,94.4,104.26666666666664,Sat 1-30 1-30,A,191 (Ⅲ),Southern Illinois,"W, 74-62",69,107.0,54.5,15.9,89.6,48.1,15.9,-2.5,-2.5,138.5,102.7327880859375,101.065576171875,102.89060987014555,103.86233708783665,102.0384521484375,109.676904296875,103.3280111997381,104.27629169681623,20210130,104.2,103.7,0.5,102.6,103.8,-1.2000000000000028,105.6,104.1,1.48,70.3,0.5800808133791264,146.36444985549014,67.7,2.943224170347449,148.796307445323,0.4275503010396749,148.796307445323,2.943224170347449,148.796307445323,0.4275503010396749,149.54657096375675,101.9,105.4,-3.55,67.7,104.2,103.7,0.5,102.6,103.8,-1.2000000000000028,5.420374236668619,139.84333172172256,0,98.69615561335785,104.92172500315527,-6.225569389797428,-5.702132206275888,100.29682997416492,105.16243940991613,-4.86560943575121,-3.7688297460984224,2021-01-30,5.059211926693763,145.02162776383688,3.1146799881555367,145.02162776383688,8.52,-81.02,-69.42832416016077,-89.53999999999999,-11.591675839839226,0,1,0,1,0,1,0,1,0,1,0,1,0,1,0,1,0,1,0,1,0,1,0,1,0,1,0,1,-1.9174013295925616,-1.3133333333333332,-9.556101994388841,-6.2323076923076925,-7.461666666666666,-1,-1.0,-1,-1,-1,-3,-3.0,-3.0
-5.5,-11,-7.733333333333333,-4.0582675530617065,-2.393235589165121,96.0,97.63333333333328,107.3,105.36666666666666,Sun 1-31 1-31,A,191 (Ⅲ),Southern Illinois,"L, 71-68",69,98.4,55.7,20.3,102.7,60.2,23.1,1.0,-2.5,138.0,99.36639404296876,102.7327880859375,100.59373991343037,102.43282125368452,104.66922607421877,102.0384521484375,104.65200746649208,104.82605684284961,20210131,104.1,103.6,0.5,102.4,103.7,-1.2999999999999972,105.4,103.9,1.47,70.3,0.5702593118487584,145.58789171001158,67.6,2.858379339338512,148.222253587114,-2.804482217010117,148.222253587114,2.858379339338512,148.222253587114,-2.804482217010117,143.11807920804736,101.7,105.2,-3.58,67.6,104.1,103.6,0.5,102.4,103.7,-1.2999999999999972,3.6159873226614856,139.191665839235,0,97.27720501366173,104.30302927325924,-7.025824259597513,-5.7187550989038085,100.90612298614927,105.36832573194224,-4.462202745792965,-3.3014338646275183,2021-01-31,5.932447527625655,143.9543999691639,3.441542086019929,143.9543999691639,-12.47,-93.49,-73.29221610677385,-81.02,-20.197783893226145,1,0,1,0,1,0,1,0,0,1,1,0,1,0,1,0,0,1,1,0,1,0,1,0,1,0,1,0,-5.528267553061706,-9.203333333333333,-1.9174013295925616,-6.6778571428571425,-6.2323076923076925,-1,-1.0,-1,-1,-1,-3,-3.0,-3.0
-5.5,0,-0.7333333333333343,-3.00551170204114,-2.1217382093169177,93.8,98.06666666666662,94.7,98.8,Sat 2-06 2-06,H,122 (Ⅲ),Indiana St.,"L, 61-57",64,89.2,42.2,26.6,95.4,48.1,17.2,-22.0,-1.5,140.0,96.58319702148438,99.36639404296876,98.32915994228694,100.86321738937825,99.68461303710941,104.66922607421877,101.33467164432804,102.98495559869515,20210206,103.2,103.4,-0.20000000000000284,102.4,97.8,4.6000000000000085,104.6,103.0,1.65,70.3,-2.5178175218403993,141.20892885179063,67.9,-0.5826690175044575,143.77357434591522,2.57000500486926,143.77357434591522,-0.5826690175044575,143.77357434591522,2.57000500486926,140.75922704203546,102.5,98.9,3.59,67.9,103.2,103.4,-0.20000000000000284,102.4,97.8,4.6000000000000085,2.438225487710645,138.62849906955972,0,97.07799317500769,104.48034149468927,-7.402348319681579,-5.960102939242146,95.09152342548158,93.62754813646148,1.463975289020098,2.4926268882017197,2021-02-06,2.1804894001837454,132.17992297178355,3.8711653801755688,132.17992297178355,-1.65,-95.14,-80.02481073784924,-93.49,-15.115189262150764,0,1,0,1,1,0,0,1,1,0,0,1,1,0,0,1,1,0,0,1,1,0,1,0,1,0,1,0,-4.6555117020411405,-2.383333333333334,-5.528267553061706,-6.342666666666667,-6.6778571428571425,-1,-1.0,-1,-1,-1,-3,-3.0,-3.0
0.0,0,-3.8000000000000016,-1.7370078013607615,-1.5905130803502057,111.7,100.49999999999996,110.9,104.3,Sun 2-07 2-07,H,122 (Ⅲ),Indiana St.,"W, 70-67",63,111.4,56.1,23.9,106.6,41.9,8.0,-0.5,-3.0,137.5,104.14159851074221,96.58319702148438,102.78610662819128,102.83354150040036,105.29230651855471,99.68461303710941,104.52311442955204,104.42405458075056,20210207,103.3,103.5,-0.20000000000000284,102.5,97.9,4.599999999999994,104.6,103.0,1.62,70.4,-2.5213990545884144,141.40979503792406,67.99658605974396,-0.5880674844207334,144.25566776432817,1.8491541451047073,144.25566776432817,-0.5880674844207334,144.25566776432817,1.8491541451047073,134.4327085964692,102.5,98.9,3.58,67.9,103.3,103.5,-0.20000000000000284,102.5,97.9,4.599999999999994,2.4500711166227656,136.6607307261847,0,97.07799317500769,104.48034149468927,-7.402348319681579,-5.960102939242146,95.09152342548158,93.62754813646148,1.463975289020098,2.4926268882017197,2021-02-07,2.1835023455267475,132.36256586072636,3.876672016562736,132.36256586072636,-1.62,-96.76,-85.06320715856617,-95.14,-11.696792841433833,1,0,0,1,1,0,0,1,1,0,0,1,1,0,0,1,1,0,1,0,1,0,1,0,1,0,1,0,-3.3570078013607616,-5.420000000000002,-4.6555117020411405,-6.0475,-6.342666666666667,-1,-1.0,-1,-1,-1,-3,-3.0,-3.0
-11.5,-10,-3.633333333333335,-4.7580052009071725,-3.2649652475592585,92.3,99.26666666666664,103.1,102.9,Wed 2-10 2-10,A,78 (I),Drake,"L, 80-59",68,86.6,45.5,14.7,117.4,52.4,16.1,-5.0,9.5,144.0,98.22079925537109,104.14159851074221,99.29073775212755,100.91835213669121,104.19615325927734,105.29230651855471,104.0487429530347,104.18331738425043,20210210,103.2,103.2,0.0,109.9,97.7,12.2,104.2,103.1,1.07,69.6,12.729864830283248,144.43729811688826,67.42190611664296,12.842484351730207,148.26427707439592,10.123195687785605,148.26427707439592,12.842484351730207,148.26427707439592,10.123195687785605,146.66171579943725,110.5,96.9,13.61,68.1,103.2,103.2,0.0,109.9,97.7,12.2,14.710851264228399,144.58583195814708,0,96.87394731074416,104.42811236490164,-7.55416505415748,-6.2587713885170055,107.21910460715642,89.96314400054192,17.255960606614508,20.266420858015216,2021-02-10,20.996637449929956,138.05054565965418,19.90382272482465,138.05054565965418,-11.07,-107.83000000000001,-88.96213810571078,-96.76,-18.867861894289234,1,0,0,1,1,0,0,1,1,0,0,1,1,0,0,1,1,0,0,1,1,0,1,0,1,0,1,0,-5.828005200907173,-4.703333333333335,-3.3570078013607616,-6.342941176470588,-6.0475,-1,-1.0,-1,-1,-1,-3,-3.0,-3.0
-20.0,-30,-13.566666666666665,-13.405336800604779,-8.253153384366664,84.9,96.29999999999997,115.6,109.86666666666666,Sat 2-13 2-13,H,200 (Ⅳ),Valparaiso,"L, 70-57",66,86.0,37.9,19.6,105.7,66.3,19.6,-11.5,-7.0,138.5,91.56039962768557,98.22079925537109,94.49382516808504,98.00592447547464,109.8980766296387,104.19615325927734,107.89916196868981,106.25907785984128,20210213,102.9,103.5,-0.5999999999999943,96.1,101.2,-5.1000000000000085,104.0,103.4,0.57,69.4,-7.532953236670366,138.1014815282802,67.42560455192034,-7.165667389534335,140.76404109113287,-5.449566265776925,140.76404109113287,-7.165667389534335,140.76404109113287,-5.449566265776925,129.22794984212612,96.8,101.5,-4.73,68.3,102.9,103.5,-0.5999999999999943,96.1,101.2,-5.1000000000000085,-5.094699863101346,133.89436377825638,0,96.8895598366178,104.26115492516485,-7.371595088547039,-5.966550004829508,93.5353780148599,100.4665880911785,-6.931210076318592,-3.5238537424695484,2021-02-13,-3.645148222541735,134.63446326444816,-0.15132873577593386,134.63446326444816,-30.57,-138.4,-95.25142540380719,-107.83000000000001,-43.148574596192816,0,1,1,0,0,1,0,1,1,0,0,1,0,1,0,1,1,0,1,0,1,0,1,0,1,0,1,0,-13.97533680060478,-14.136666666666665,-5.828005200907173,-7.688888888888888,-6.342941176470588,-1,-1.0,-1,-1,-1,-3,-3.0,-3.0
8.0,13,-9.399999999999997,-4.503557867069856,-4.334398223572725,113.1,96.76666666666664,99.8,106.16666666666669,Sun 2-14 2-14,H,200 (Ⅳ),Valparaiso,"W, 74-60",65,113.0,60.4,21.4,91.7,48.0,24.4,-3.0,-6.0,137.0,102.33019981384277,91.56039962768557,100.69588344539001,100.75030184357014,104.84903831481931,109.8980766296387,105.19944131245987,105.08470006714285,20210214,103.2,103.8,-0.5999999999999943,96.2,101.5,-5.299999999999997,104.0,103.5,0.53,69.4,-7.541556751325288,138.23636021536413,67.42560455192034,-7.337878627880855,141.46291710930714,7.0744167193356375,141.46291710930714,-7.337878627880855,141.46291710930714,7.0744167193356375,128.60378000518065,96.8,101.6,-4.83,68.3,103.2,103.8,-0.5999999999999943,96.2,101.5,-5.299999999999997,-0.7496112364132466,133.25876999476347,0,98.81651454065552,104.38717314561409,-5.570658604958567,-5.342725525447248,93.53628576581323,100.26692057857764,-6.730634812764407,-3.4002078798023443,2021-02-14,-4.800271705725336,135.94918349558054,-0.4956330014931041,135.94918349558054,12.47,-125.93,-109.63428360253813,-138.4,-16.295716397461874,1,0,0,1,1,0,0,1,0,1,0,1,1,0,0,1,0,1,1,0,0,1,1,0,0,1,1,0,-5.033557867069856,-9.929999999999996,-13.97533680060478,-6.627894736842105,-7.688888888888888,-1,-1.0,-1,-1,-1,-3,-3.0,-3.0
-3.5,0,-5.533333333333331,-2.7357052447132384,-3.4008712738322298,114.2,104.06666666666662,113.4,109.59999999999998,Wed 2-17 2-17,H,78 (Ⅱ),Drake,"L, 77-69",62,111.7,49.2,13.0,124.7,57.5,8.1,7.0,4.5,139.0,108.2650999069214,102.33019981384277,105.19725563026002,103.19570150837556,109.1245191574097,104.84903831481931,107.93296087497326,106.5965727822078,20210217,102.9,104.5,-1.5999999999999943,109.3,97.8,11.5,103.6,104.1,-0.54,69.0,6.6944560767546335,140.36032635507922,65.95732574679944,5.118120133025329,145.05440947762202,0.5054303605168279,145.05440947762202,5.118120133025329,145.05440947762202,0.5054303605168279,137.38582776784529,110.7,95.6,15.08,67.2,102.9,104.5,-1.5999999999999943,109.3,97.8,11.5,5.104169403006426,139.35336424346485,0,98.83012727668972,104.22773281726052,-5.397605540570794,-5.18386491316725,106.59446884178587,89.58750920847099,17.006959633314878,18.281365320451116,2021-02-17,11.479066341644064,134.5946252172376,13.509290567397265,134.5946252172376,0.54,-125.39,-115.06618906835877,-125.93,-10.323810931641233,1,0,1,0,1,0,1,0,0,1,1,0,1,0,1,0,0,1,0,1,1,0,0,1,1,0,0,1,-2.1957052447132384,-4.993333333333331,-5.033557867069856,-6.269499999999999,-6.627894736842105,-1,-1.0,-1,-1,-1,-3,-3.0,-3.0
10.5,15,9.699999999999998,3.1761965035245083,-0.055258314953642085,98.6,108.63333333333328,83.6,98.93333333333332,Fri 2-26 2-26,A,217 (Ⅳ),Illinois St.,"W, 70-56",70,100.0,46.4,21.4,80.0,45.0,25.7,-16.0,-3.5,142.0,103.43254995346071,108.2650999069214,102.99817042017335,102.36011941594364,96.36225957870481,109.1245191574097,99.82197391664884,102.41537773089728,20210226,103.0,104.7,-1.7000000000000028,99.9,104.4,-4.5,103.7,103.4,0.3,69.0,2.077950309552392,141.415538787936,67.8221906116643,2.0858346401955856,147.3468105190126,11.112627300420668,147.3468105190126,2.0858346401955856,147.3468105190126,11.112627300420668,146.68101533795328,100.0,102.4,-2.47,69.1,103.0,104.7,-1.7000000000000028,99.9,104.4,-4.5,5.218731324058565,142.08582791193078,0,98.68620433,104.1835026,-5.497298270000002,-5.266857399,97.96741357,104.6185893,-6.651175729999991,-3.4619915060000004,2021-02-26,3.1751499183336165,142.64378130377253,3.040239571766236,142.64378130377253,14.7,-110.69,-118.50745937890585,-125.39,7.817459378905852,0,1,1,0,0,1,0,1,0,1,0,1,0,1,0,1,0,1,0,1,0,1,0,1,0,1,0,1,2.8761965035245085,9.399999999999997,-2.1957052447132384,-5.27095238095238,-6.269499999999999,1,-1.0,1,-1,-1,1,-3.0,-3.0
2.5,0,5.333333333333333,2.184131002349673,-0.00884771223479755,108.0,106.93333333333328,107.8,101.59999999999998,Sat 2-27 2-27,A,217 (Ⅳ),Illinois St.,"W, 94-87 2OT",85,110.6,58.7,12.9,102.3,55.2,23.5,40.5,-4.5,140.5,105.71627497673036,103.43254995346071,104.66544694678223,103.38555224940842,102.08112978935242,96.36225957870481,102.48131594443257,103.39439996164322,20210227,103.2,104.9,-1.7000000000000028,100.0,104.6,-4.599999999999994,103.7,103.4,0.3,69.0,2.077950309552392,141.415538787936,67.8221906116643,2.023054098792656,147.84490820162563,6.210419529266636,147.84490820162563,2.023054098792656,147.84490820162563,6.210419529266636,137.2316714216482,100.0,102.4,-2.47,69.1,103.2,104.9,-1.7000000000000028,100.0,104.6,-4.599999999999994,2.9629663044661205,139.17781301578097,0,98.68620433,104.1835026,-5.497298270000002,-5.266857399,97.96741357,104.6185893,-6.651175729999991,-3.4619915060000004,2021-02-27,3.1751499183336165,142.64378130377253,3.040239571766236,142.64378130377253,-0.3,-110.99,-115.90163958593723,-110.69,4.9116395859372375,0,1,1,0,0,1,1,0,0,1,1,0,0,1,1,0,0,1,0,1,0,1,1,0,0,1,1,0,1.8841310023496731,5.033333333333333,2.8761965035245085,-5.044999999999999,-5.27095238095238,1,1.0,1,-1,-1,1,1.0,-3.0
-1.5,-2,4.3666666666666645,0.7560873348997794,-0.3890572191011996,88.6,98.39999999999996,90.7,94.0333333333333,Thu 3-04 3-04,N,217 (Ⅳ),Illinois St.,"W, 65-60",71,91.9,46.7,18.4,84.9,44.8,22.6,-14.5,-6.5,139.5,97.15813748836516,105.71627497673036,99.31029796452151,100.69727002224323,96.3905648946762,102.08112978935242,98.55421062962172,101.08632724134443,20210304,113.5,98.2,15.299999999999995,102.5,100.9,1.5999999999999943,104.1,103.1,0.92,69.2,-2.588933791356169,142.4714321456728,68.31408250355621,-9.701594278960826,150.5466484957857,0.7716199263867316,150.5466484957857,-9.701594278960826,150.5466484957857,0.7716199263867316,141.35518639315347,99.8,102.5,-2.66,69.4,113.5,98.2,15.299999999999995,102.5,100.9,1.5999999999999943,-1.2558238555573766,141.44477726711224,0,98.68620433,104.1835026,-5.497298270000002,-5.266857399,97.96741357,104.6185893,-6.651175729999991,-3.4619915060000004,2021-03-04,-0.8243412719502743,143.6436230328918,1.232977575222563,143.6436230328918,-2.92,-113.91,-114.26442639062483,-110.99,0.3544263906248375,1,0,0,1,0,1,0,1,1,0,0,1,0,1,0,1,1,0,0,1,1,0,0,1,1,0,0,1,-0.16391266510022062,3.4466666666666645,1.8841310023496731,-4.952608695652173,-5.044999999999999,-1,1.0,1,-1,-1,-1,1.0,1.0
