muid,Date,conmatch,matchup,prediction,ttq,Div1,HomeAway,Tm,Date_zero,tm_oe,tm_de,tm_Bart,tm_winpercent,tm_proScore,opp,opp_oe,opp_de,opp_Bart,opp_winpercent,opp_proScore,tpro,tm_qual,gp,result,tempo,possessions,tm_pts,opp_pts,winner,loser,tm_adjt,opp_adjt,tm_adjo,tm_adjd,opp_adjo,opp_adjd,gamevalue,mismatch,blowout,tm_elite,opp_elite,ord_date,tm_ppp,opp_ppp,gameppp,tm_rk,opp_rk,tm_gs,opp_gs,gamestats,AWAY,HOME,VegasSpread,VegasTotal,Reg_dif,Over_dif,Daily_Reg_Tm_net_eff,Daily_Reg_Opp_net_eff,LeagueTempo,LeagueOE,DateNew,Pomeroy_Tm_AdjEM,Pomeroy_Tm_AdjOE,Pomeroy_Tm_AdjDE,Pomeroy_Tm_AdjT,Pomeroy_Opp_AdjEM,Pomeroy_Opp_AdjOE,Pomeroy_Opp_AdjDE,Pomeroy_Opp_AdjT,tm_ptdiff,tm_offensive_rating,tm_defensive_rating,opp_offensive_rating,opp_defensive_rating,Tm_TeamID,Opp_TeamID,TeamID,TRank_Tm_AdjEM,TRank_Tm_AdjOE,TRank_Tm_AdjDE,TRank_Tm_AdjT,Team_Opp,TeamID_Opp,TRank_Opp_AdjEM,TRank_Opp_AdjOE,TRank_Opp_AdjDE,TRank_Opp_AdjT,Team,MG_Tm_AdjT,MG_ATS_Tm_net_eff,MG_Tm_AdjEM,MG_Tm_AdjOE,MG_Tm_AdjDE,TeamID_y,Team_Standardized_Tm,Tm_y,MG_Opp_AdjT,MG_ATS_Opp_net_eff,MG_Opp_AdjEM,MG_Opp_AdjOE,MG_Opp_AdjDE,Team_Standardized_Opp,Pomeroy_Tm_Score,Pomeroy_Opp_Score,Pomeroy_OverUnder,Pomeroy_PointDiff,Pomeroy_GameTempo,TRank_Tm_Score,TRank_Opp_Score,TRank_OverUnder,TRank_PointDiff,TRank_GameTempo,MG_Tm_Score,MG_Opp_Score,MG_OverUnder,MG_PointDiff,MG_GameTempo,MG_ATS_PointDiff,MG_ATS_GameTempo,Daily_Reg_PointDiff,Daily_Reg_GameTempo,away_team,home_team,date,teams,commence_time,DraftKings,BetMGM spreads,FanDuel,VegasImpliedWinPercent,MG_ATS_ImpliedWinPercent,Dif_from_Vegas,Pt_Spread_Difference,Total_Diff,Pomeroy_PointDiffSelection,MG_ATS_PointDiffSelection,Both
ColumbiaYale1-19,2026-01-19,Ivy at Ivy,160 Columbia at 83 Yale,"Yale -11.4, 83-72 (84%)",44.7043922002783,1,H,Columbia,01/19/2026,108.73479016653948,111.30443436952255,0.4332486292026098,0.1647521896707406,71.64072508198117,Yale,123.35595211377932,109.64809389226843,0.7948932171344809,0.8352478103292593,83.07014297749276,66.40934484507764,,0,,,,,,,,,,,,,,,,,0.6326568591165022,0.9407640932513024,739635,,,,160,83,,,,Columbia,Yale,-11.429417895511591,154.71086805947394,-13.4,-14.2,-16.2,-2.9,71.2,101.4,20260119,-0.29999999999999716,110.2,110.5,67.8,10.0,121.7,111.7,66.1,,,,,,164,1008,164,0.2909999999999968,110.167,109.876,67.7469,Yale,1008,10.680999999999997,121.773,111.092,66.4812,Columbia,68.7156728582656,3.427169013672285,1.323581697237948,108.29383448208671,106.97025278484875,164,Columbia,Columbia,67.57351941894441,11.547482751206624,10.878728567592354,119.9267922217715,109.04806365417913,Yale,74.28511537855141,85.83056491775562,160.11568029630703,-11.545449539204213,62.94353932584269,74.226411876779,85.82228725650012,160.04869913327911,-11.595875379721122,63.2569551724719,73.83969825940127,84.83392151964146,158.67361977904272,-10.99422326024019,65.21572829036295,-7.258483730429333,65.21572829036295,-10.325345397299998,65.21572829036295,Columbia,Yale,01/19/2026,Columbia vs Yale,2026-01-19 13:00:00-06:00,-8.5,-8.5,-8.5,79.08930434072549,75.53065094441122,-3.55865339631427,1.241516269570667,-12.958483730429332,Yale,Columbia,0
George WashingtonGeorge Mason1-19,2026-01-19,A10 at A10,80 George Washington at 102 George Mason,"George Mason -1.9, 80-78 (57%)",68.35763988951766,1,H,George Washington,01/19/2026,119.630484314661,111.68364218265768,0.6879345153690909,0.4308899200034249,78.09474398022445,George Mason,116.61169494238575,106.26319358353128,0.7443499606471208,0.5691100799965751,80.00714203236929,67.64524891955344,,0,,,,,,,,,,,,,,,,,0.6962718286884633,0.8463264972566362,739635,,,,80,102,,,,George Washington,George Mason,-1.9123980521448374,158.10188601259375,4.1,1.2,-3.1,-7.2,71.2,101.4,20260119,11.600000000000009,121.7,110.1,70.2,11.200000000000003,117.2,106.0,64.9,,,,,,264,262,264,10.956000000000003,121.206,110.25,70.5415,George Mason,262,7.451999999999998,115.115,107.663,65.0357,George Washington,71.41510693186265,13.007999187164446,11.783121739386589,118.12234672119811,106.33922498181154,264,George Washington,George Washington,66.18266364200954,7.725933877062715,8.0202255486222,112.23099271125547,104.21076716263326,George Mason,79.14329613630856,83.7249122317955,162.86820836810406,-4.581616095486936,63.98848314606742,80.61632321539958,82.92108702497602,163.5374102403756,-2.3047638095764427,64.43421111727528,78.34564740744962,80.33385156339594,158.67949897084554,-1.9882041559463204,66.38261237401137,1.4549676238518572,66.38261237401137,0.9586976879054774,66.38261237401137,George Washington,George Mason,01/19/2026,George Washington vs George Mason,2026-01-19 16:00:00-06:00,-2.5,-2.5,-2.5,59.409638599828355,44.489562943365904,-14.920075656462451,3.954967623851857,5.154967623851857,George Mason,George Washington,0
PennHarvard1-19,2026-01-19,Ivy at Ivy,183 Penn at 193 Harvard,"Harvard -3.1, 76-73 (62%)",48.96488473163591,1,H,Penn,01/19/2026,109.89416299818517,114.1191729902749,0.3932088871632045,0.3828218710925012,72.68421863964582,Harvard,111.02081277439083,110.59930838401333,0.5109343264686068,0.6171781289074988,75.76630492250243,65.8496252695508,,0,,,,,,,,,,,,,,,,,0.8646621444377437,0.9493288808309348,739635,,,,183,193,,,,Penn,Harvard,-3.082086282856608,148.45052356214825,-3.4,0.6,2.4,5.8,71.2,101.4,20260119,-2.1000000000000085,111.1,113.2,69.8,-0.3999999999999915,110.4,110.8,63.9,,,,,,637,291,637,-1.3130000000000024,111.342,112.655,69.8097,Harvard,291,-2.4599999999999937,109.596,112.056,63.973,Penn,70.5940109345076,1.8126863980497308,-1.4156786622933388,108.61596377933593,110.03164244162926,637,Penn,Penn,65.5751164959827,-2.04767143099242,-3.5758353420189635,107.31363779732717,110.88947313934614,Harvard,73.9343027195693,79.38340850621123,153.31771122578053,-5.449105786641923,62.64353932584269,75.03130568245376,78.52638880110555,153.55769448355932,-3.4950831186517917,62.723819355337085,75.08043672381686,77.84619735112871,152.92663407494558,-2.765760627311849,65.01700127737377,0.6915517863592555,65.01700127737377,-4.105693596663585,65.01700127737377,Penn,Harvard,01/19/2026,Penn vs Harvard,2026-01-19 13:00:00-06:00,-4.5,-4.5,-4.5,66.58824291023754,47.374381742296855,-19.213861167940685,5.1915517863592555,5.791551786359255,Harvard,Penn,0
LamarNew Orleans1-19,2026-01-19,Slnd at Slnd,222 Lamar at 215 New Orleans,"New Orleans -4.2, 77-72 (66%)",43.27005190884432,1,H,Lamar,01/19/2026,103.03328649346707,110.24043161212016,0.31485169696973,0.3418897398476161,72.39931918492314,New Orleans,115.7117890982549,116.95247868491128,0.4693760317571512,0.6581102601523838,76.64185580203906,66.15881491990503,,0,,,,,,,,,,,,,,,,,0.8829800560557789,0.96352914073756,739635,,,,222,215,,,,Lamar,New Orleans,-4.242536617115917,149.0411749869622,1.4,4.5,4.6,3.2,71.2,101.4,20260119,-3.6000000000000085,104.6,108.2,65.2,-5.3999999999999915,112.7,118.1,69.0,,,,,,381,546,381,-4.435999999999993,104.39,108.826,64.9261,New Orleans,546,-4.265999999999991,114.227,118.493,69.1079,Lamar,66.14819966776571,-1.8113674796462367,-3.6082678580613834,102.45320324968196,106.06147110774332,381,Lamar,Lamar,69.89291412422008,-0.3900549499367257,-3.3043201284372627,110.92387562404944,114.22819575248671,New Orleans,74.83661750571942,78.1278412787191,152.96445878443853,-3.291223772999686,63.18539325842696,74.73679786869374,79.43399610636234,154.17079397505609,-4.6971982376686015,63.01834868244382,72.85945473885697,77.46255548226124,150.3220102211182,-4.603100743404269,64.93385447824315,-2.721048376997139,64.93385447824315,-0.9799817317856565,64.93385447824315,Lamar,New Orleans,01/19/2026,Lamar vs New Orleans,2026-01-19 19:00:00-06:00,-4.5,,-3.5,66.58824291023754,60.22392680238706,-6.3643161078504775,0.778951623002861,5.278951623002861,Lamar,Lamar,1
FairfieldSiena1-19,2026-01-19,MAAC at MAAC,258 Fairfield at 191 Siena,"Siena -7.3, 76-69 (76%)",33.7380384961247,1,H,Fairfield,01/19/2026,108.81357957363674,119.96233221090296,0.2456907037146453,0.2369891440679713,68.57231776643873,Siena,107.53087068938218,107.08736854827777,0.511879982782496,0.7630108559320287,75.9111459693002,64.79891043789681,,0,,,,,,,,,,,,,,,,,0.8642186536997264,0.9738723125214408,739635,,,,258,191,,,,Fairfield,Siena,-7.338828202861464,144.48346373573892,12.7,2.0,7.3,-5.5,71.2,101.4,20260119,-8.400000000000006,109.3,117.7,67.5,-2.0999999999999943,106.7,108.8,64.8,,,,,,227,741,227,-8.176000000000002,110.247,118.423,67.7566,Siena,741,-2.3470000000000084,106.151,108.498,64.8599,Fairfield,68.67242630375895,-7.1372613493474,-7.541991809289764,107.23124412604743,114.77323593533718,227,Fairfield,Fairfield,65.98071472876005,-3.4887106253496043,-1.773374833347842,104.04638313974925,105.8197579730971,Siena,70.04283521363737,78.23077314219101,148.2736083558284,-8.187937928553637,61.43258426966291,70.78679906749876,78.67667359135235,149.46347265885112,-7.889874523853592,61.72312219578652,69.23463350696873,77.05928645367064,146.29391996063936,-7.824652946701903,63.63842373146232,-4.009085219284188,63.63842373146232,6.3478054903659,63.63842373146232,Fairfield,Siena,01/19/2026,Fairfield vs Siena,2026-01-19 13:00:00-06:00,-6.5,-6.5,-6.5,73.20575054664809,64.87016832359832,-8.33558222304977,2.490914780715812,4.490914780715812,Siena,Fairfield,0
WagnerFairleigh Dickinson1-19,2026-01-19,NEC at NEC,316 Wagner at 342 Fairleigh Dickinson,"Fairleigh Dickinson -0.4, 75-74 (51%)",35.95766490106761,1,H,Wagner,01/19/2026,105.35106109957692,122.4205958862803,0.150985722677393,0.4852026753533464,73.78363069021647,Fairleigh Dickinson,101.81932387557958,117.70905212360412,0.1587331881461496,0.5147973246466535,74.1644777917264,65.51661692724093,,0,,,,,,,,,,,,,,,,,0.9725082600471128,0.985563392735105,739635,,,,316,342,,,,Wagner,Fairleigh Dickinson,-0.3808471015099286,147.94810848194288,-13.9,-11.1,-9.4,4.5,71.2,101.4,20260119,-14.900000000000006,105.3,120.2,66.3,-19.599999999999994,99.9,119.5,66.7,,,,,,960,229,960,-14.11099999999999,106.739,120.85,66.634,Fairleigh Dickinson,229,-18.745999999999995,100.513,119.259,66.683,Wagner,67.63739411577038,-11.799925480535746,-12.548847889657765,105.86270266162697,118.4115505512847,960,Wagner,Wagner,67.66432880469478,-20.113627959485655,-18.296773705108016,97.85342252313207,116.15019622824006,Fairleigh Dickinson,74.93272389936656,75.62532944536684,150.55805334473342,-0.69260554600028,62.10969101123595,76.16600711160594,76.86663444325197,153.0326415548579,-0.7006273316460323,62.40667165730336,75.77840355695517,75.52221080690421,151.30061436385938,0.2561927500509569,64.27863588401986,3.8313230955594904,64.27863588401986,-10.690437048414879,64.27863588401986,Wagner,Fairleigh Dickinson,01/19/2026,Wagner vs Fairleigh Dickinson,2026-01-19 13:00:00-06:00,1.5,,1.5,44.32015031835318,35.75975382806853,-8.560396490284646,2.3313230955594904,-8.76867690444051,Fairleigh Dickinson,Wagner,0
New HampshireMaine1-19,2026-01-19,AE at AE,311 New Hampshire at 354 Maine,"New Hampshire -1.7, 64-62 (58%)",31.654528554702928,1,H,New Hampshire,01/19/2026,98.47938513198598,113.41882386977952,0.1646179889233728,0.5764737933829018,63.930521841100905,Maine,93.75247692903304,110.9087925792167,0.1264657260826445,0.4235262066170981,62.239319231974726,64.45211336149528,,0,,,,,,,,,,,,,,,,,0.9787700720981424,0.9840279993809444,739635,,,,311,354,,,,New Hampshire,Maine,1.6912026091261794,126.16984107307563,5.3,1.4,3.2,-2.1,71.2,101.4,20260119,-16.0,98.4,114.4,67.4,-18.0,93.4,111.4,64.8,,,,,,538,425,538,-12.186499999999995,99.7765,111.963,67.3993,Maine,425,-19.820700000000002,92.5493,112.37,64.8547,New Hampshire,68.63412424308729,-9.564693117314905,-11.049143033079242,97.56686507306505,108.6160081061443,538,New Hampshire,New Hampshire,66.0011628343578,-21.265980186274614,-18.564527092169005,90.7329716843176,109.29749877648662,Maine,64.46902065548237,66.46083057610787,130.92985123159025,-1.9918099206254993,61.34157303370786,65.99505093831206,64.5063497727241,130.50140071103618,1.4887011655879547,61.392716035252796,65.04892731896473,63.57825700919813,128.62718432816285,1.4706703097665965,63.62264059215658,5.937847918513526,63.62264059215658,1.5807681281527124,63.62264059215658,New Hampshire,Maine,01/19/2026,New Hampshire vs Maine,2026-01-19 13:00:00-06:00,-1.5,-1.5,-1.5,55.67984968164682,28.586369153075974,-27.093480528570847,7.437847918513526,8.837847918513527,Maine,New Hampshire,0
Central ConnecticutMercyhurst1-19,2026-01-19,NEC at NEC,262 Central Connecticut at 312 Mercyhurst,"Mercyhurst -1.1, 67-66 (55%)",38.97178438829074,1,H,Central Connecticut,01/19/2026,107.97033936176868,119.97780978303176,0.2292275680334868,0.4542966621211005,66.06814924153687,Mercyhurst,100.18409953685206,109.56504948603106,0.2632095873141752,0.5457033378788995,67.12980167483987,61.49727242726991,,0,,,,,,,,,,,,,,,,,0.949197035319167,0.9760894276313854,739635,,,,262,312,,,,Central Connecticut,Mercyhurst,-1.0616524333029957,133.19795091637673,-2.0,1.8,2.0,4.0,71.2,101.4,20260119,-7.3999999999999915,108.4,115.8,65.5,-13.599999999999994,98.7,112.3,63.7,,,,,,126,456,126,-9.046000000000006,109.392,118.438,65.2906,Mercyhurst,456,-12.1096,98.8984,111.008,63.88,Central Connecticut,66.52690013992535,-6.682375651028552,-8.326631634436572,106.74071391862341,115.06734555305997,126,Central Connecticut,Central Connecticut,65.10567049667263,-10.088724066554972,-11.300003130023752,96.17436952738912,107.47437265741289,Mercyhurst,68.39520444019345,67.91479681886797,136.31000125906144,0.4804076213254831,58.600421348314605,68.20108582487471,69.57510318528149,137.7761890101562,-1.374017360406782,58.57813943820224,66.90938018166194,68.26302152608372,135.17240170774568,-1.3536413444217743,60.83256235498629,0.5116893336700059,60.83256235498629,-2.971062345417536,60.83256235498629,Central Connecticut,Mercyhurst,01/19/2026,Central Connecticut vs Mercyhurst,2026-01-19 13:00:00-06:00,-1.5,-1.5,-1.5,55.67984968164682,48.05663104145129,-7.623218640195532,2.011689333670006,3.8116893336700057,Central Connecticut,Central Connecticut,1
Texas SouthernJackson St.1-19,2026-01-19,SWAC at SWAC,318 Texas Southern at 331 Jackson St.,"Jackson St. -2.5, 78-76 (59%)",37.78254985697852,1,H,Texas Southern,01/19/2026,100.0426854315871,116.55361692130452,0.1472071157757605,0.4087755870663475,75.85576998126751,Jackson St.,102.0682914727398,115.15822523226436,0.1997836944874199,0.5912244129336526,78.32942119420682,72.50175770520303,,0,,,,,,,,,,,,,,,,,0.9639438520615092,0.985981113439476,739635,,,,318,331,,,,Texas Southern,Jackson St.,-2.473651212939302,154.18519117547433,2.7,1.1,2.7,0.1,71.2,101.4,20260119,-16.799999999999997,100.0,116.8,69.4,-15.900000000000006,100.6,116.5,71.0,,,,,,850,342,850,-13.698000000000008,101.36,115.058,69.2103,Jackson St.,342,-15.917000000000002,100.758,116.675,71.0456,Texas Southern,70.13463838825513,-19.355168540763593,-15.231109379205769,98.89193892125952,114.12304830046534,850,Texas Southern,Texas Southern,71.80898772921226,-23.526895797268168,-18.219726757256705,96.81432989367002,115.03405665092674,Jackson St.,77.30002347079093,82.45492557680896,159.7549490475999,-5.154902106018028,69.20505617977528,78.30476864761425,81.18246583430857,159.48723448192283,-2.87769718669432,69.06021474269663,77.14975928048155,79.2469096677989,156.39666894828045,-2.097150387317356,70.73451386818752,1.3949384829320337,70.73451386818752,-0.16919695717270145,70.73451386818752,Texas Southern,Jackson St.,01/19/2026,Texas Southern vs Jackson St.,2026-01-19 19:00:00-06:00,-3.5,-3.5,-3.5,63.055865981823636,44.715549747382276,-18.34031623444136,4.894938482932034,5.994938482932033,Jackson St.,Texas Southern,0
Bethune CookmanArkansas Pine Bluff1-19,2026-01-19,SWAC at SWAC,253 Bethune Cookman at 273 Arkansas Pine Bluff,"Arkansas Pine Bluff -2.3, 81-78 (58%)",46.46045730448186,1,H,Bethune Cookman,01/19/2026,105.0966935184948,115.21323492843143,0.2579034955051711,0.4179830001207431,78.46658176616596,Arkansas Pine Bluff,107.30253952273762,114.29335104642318,0.3261093871957157,0.5820169998792568,80.75828473094572,71.93080710644863,,0,,,,,,,,,,,,,,,,,0.93239936023527,0.9721709007501956,739635,,,,253,273,,,,Bethune Cookman,Arkansas Pine Bluff,-2.291702964779759,159.2248664971117,1.3,-0.8,5.1,3.8,71.2,101.4,20260119,-8.5,105.5,114.0,68.4,-14.100000000000009,103.8,117.9,70.6,,,,,,66,36,66,-7.254000000000005,106.481,113.735,68.4927,Arkansas Pine Bluff,36,-9.873000000000005,105.926,115.799,71.2247,Bethune Cookman,69.54123683873287,-10.4879422034821,-7.154547762075803,104.27287074012806,111.42741850220388,66,Bethune Cookman,Bethune Cookman,72.07518081146839,-7.408520486780777,-10.190219626492778,103.27955896277166,113.46977858926442,Arkansas Pine Bluff,80.88406113146738,81.38061527217975,162.26467640364712,-0.4965541407123766,67.82359550561797,81.00050500606427,83.70079465244147,164.70129965850575,-2.7002896463772004,68.5164608102528,79.85747425925975,82.14716052763829,162.00463478689804,-2.2896862683785457,70.39602835680923,-3.962501793601234,70.39602835680923,-1.1436538766847093,70.39602835680923,Bethune Cookman,Arkansas Pine Bluff,01/19/2026,Bethune Cookman vs Arkansas Pine Bluff,2026-01-19 17:30:00-06:00,2.5,2.5,2.5,40.590361400171645,64.70548034344621,24.115118943274567,-6.462501793601234,-7.262501793601234,Arkansas Pine Bluff,Arkansas Pine Bluff,1
McNeese St.Texas A&M Corpus Chris1-19,2026-01-19,Slnd at Slnd,88 McNeese St. at 158 Texas A&M Corpus Chris,"McNeese St. -2.2, 70-68 (59%)",59.816357793318566,1,H,McNeese St.,01/19/2026,116.51488121281906,109.60149066358711,0.6689483152527393,0.5906149982445904,69.8254066562184,Texas A&M Corpus Chris,103.67358468138244,100.68024649379244,0.5834431240246297,0.4093850017554096,67.63513838035637,65.54325799601618,,0,,,,,,,,,,,,,,,,,0.8265519839454736,0.8573097737690986,739635,,,,88,158,,,,McNeese St.,Texas A&M Corpus Chris,2.1902682758620386,137.46054503657479,-19.0,-18.6,-9.0,10.0,71.2,101.4,20260119,11.299999999999997,118.0,106.7,66.8,-1.0999999999999943,103.5,104.6,66.6,,,,,,448,842,448,9.855000000000004,118.05,108.195,66.7355,Texas A&M Corpus Chris,842,0.3370000000000033,102.343,102.006,66.6086,McNeese St.,69.0,0.0,0.0,100.0,100.0,448,McNeese St.,McNeese St.,67.65085266721513,4.38645924580303,-0.08748614645281155,100.03033828664339,100.11782443309617,Texas A&M Corpus Chris,73.94354449903116,69.97024945183146,143.9137939508626,3.9732950471996986,62.48426966292134,72.08000609439469,70.09878979801951,142.1787958924142,1.9812162963751803,62.43199754634831,62.93172708050342,66.49853297144057,129.430260051944,-3.5668058909371467,65.56051733199219,-4.751740854638726,65.56051733199219,-14.301371250800777,65.56051733199219,McNeese St.,Texas A&M Corpus Chris,01/19/2026,McNeese St. vs Texas A&M Corpus Chris,2026-01-19 15:00:00-06:00,7.5,,7.5,23.752526202697656,67.4562424134864,43.70371621078874,-12.251740854638726,-30.851740854638727,Texas A&M Corpus Chris,Texas A&M Corpus Chris,1
IonaSaint Peter's1-19,2026-01-19,MAAC at MAAC,221 Iona at 232 Saint Peter's,"Saint Peter's -3.4, 73-70 (63%)",46.49999026094064,1,H,Iona,01/19/2026,103.55181557393642,110.72148734749648,0.3165057686910972,0.3669682691861484,69.848207494518,Saint Peter's,105.2131332963183,107.28848360649314,0.4440770593937593,0.6330317308138516,73.23965770132743,69.22845812557976,,0,,,,,,,,,,,,,,,,,0.8931129535617688,0.963259116611884,739635,,,,221,232,,,,Iona,Saint Peter's,-3.391450206809438,143.08786519584544,-15.5,-17.5,-3.5,12.1,71.2,101.4,20260119,-4.299999999999997,106.0,110.3,70.9,-6.599999999999994,103.4,110.0,66.0,,,,,,333,715,333,-4.385000000000005,104.916,109.301,71.2105,Saint Peter's,715,-4.838999999999999,103.863,108.702,65.9326,Iona,71.9020551554992,-3.554073354578861,-3.3972297181260935,103.38629969374476,106.78352941187084,333,Iona,Iona,66.9953566399795,-5.1763271526862535,-5.967496395574254,101.59301181295459,107.56050820852883,Saint Peter's,73.47246360168873,76.00535350594382,149.47781710763255,-2.532889904255086,65.72191011235955,72.10400325913261,75.9079384355362,148.0119416946688,-3.8039351764035843,65.94232320646066,72.13361968659427,74.4238401608413,146.55745984743555,-2.290220474247022,67.65595264452452,-0.7141225137649343,67.65595264452452,-12.530153053576512,67.65595264452452,Iona,Saint Peter's,01/19/2026,Iona vs Saint Peter's,2026-01-19 13:00:00-06:00,-3.5,-3.5,-3.5,63.055865981823636,52.711182695519575,-10.344683286304061,2.7858774862350657,-14.714122513764934,Iona,Iona,1
CornellBrown1-19,2026-01-19,Ivy at Ivy,213 Cornell at 243 Brown,"Brown -2.4, 83-81 (58%)",51.20930210325598,1,H,Cornell,01/19/2026,117.58811181782488,125.00106921330531,0.3311374511543636,0.4175190391925716,81.0440923806455,Brown,101.19575407346858,104.50527565045688,0.4085220102203885,0.5824809608074284,83.42491059047039,72.62061954029802,,0,,,,,,,,,,,,,,,,,0.9062248466330418,0.9608192445991036,739635,,,,213,243,,,,Cornell,Brown,-2.380818209824895,164.46900297111588,-13.0,-16.9,-7.7,5.4,71.2,101.4,20260119,-3.9000000000000057,117.5,121.4,73.7,-6.8999999999999915,100.9,107.8,66.3,,,,,,171,88,171,-4.260000000000005,119.137,123.397,73.9129,Brown,88,-5.98490000000001,99.8971,105.882,66.6345,Cornell,74.37644140604675,-5.949196522945333,-3.2551382966632874,116.03470541931362,119.2898437159769,171,Cornell,Cornell,67.59041843520473,-6.021559855292435,-6.61484212244416,97.42014153645385,104.034983658898,Brown,83.34384357356633,85.24105782784888,168.5849014014152,-1.8972142542825452,68.62794943820225,83.66119483669388,86.46390169135626,170.12509652805014,-2.8027068546623752,69.17344290800561,81.71912710895636,83.20141600564854,164.9205431146049,-1.4822888966921823,70.60582579151946,-1.8075416742677817,70.60582579151946,-11.203591224946749,70.60582579151946,Cornell,Brown,01/19/2026,Cornell vs Brown,2026-01-19 13:00:00-06:00,1.5,1.5,1.5,44.32015031835318,56.83389498524416,12.513744666890979,-3.3075416742677817,-20.20754167426778,Brown,Brown,1
Northwestern St.Houston Christian1-19,2026-01-19,Slnd at Slnd,300 Northwestern St. at 296 Houston Christian,"Houston Christian -3.9, 74-70 (65%)",30.348667023991144,1,H,Northwestern St.,01/19/2026,105.3639135872238,120.7704732833604,0.1722985610398553,0.3498788074918394,69.71975694102848,Houston Christian,107.43216511483536,116.6823669528006,0.2789146370128896,0.6501211925081605,73.578992536572,62.44518535469234,,0,,,,,,,,,,,,,,,,,0.9452235235024462,0.9831428460438196,739635,,,,300,296,,,,Northwestern St.,Houston Christian,-3.859235595543524,143.2987494776005,11.6,6.3,6.4,-5.2,71.2,101.4,20260119,-10.099999999999994,107.0,117.1,66.0,-11.799999999999997,105.4,117.2,64.6,,,,,,593,304,593,-12.469000000000008,106.752,119.221,65.9161,Houston Christian,304,-12.165999999999997,106.053,118.219,64.2491,Northwestern St.,67.00305349431055,-10.670126550067259,-12.29371125015928,104.4267922001722,116.72050345033148,593,Northwestern St.,Northwestern St.,65.46728913859258,-10.639157592575653,-10.651385884159202,104.01693388277289,114.66831976693207,Houston Christian,71.99854569256563,74.94314611732582,146.94169180989144,-2.9446004247601962,59.8820224719101,71.97103285852785,76.25919776693823,148.23023062546608,-4.28816490841038,59.481040737499995,70.73106880389761,75.84520237477301,146.57627117867062,-5.114133570875396,61.608262307311996,-1.560314865784271,61.608262307311996,5.411176894975846,61.608262307311996,Northwestern St.,Houston Christian,01/19/2026,Northwestern St. vs Houston Christian,2026-01-19 19:00:00-06:00,-3.5,-3.5,-2.5,63.055865981823636,55.90659221110672,-7.149273770716917,0.9396851342157291,7.239685134215729,Houston Christian,Northwestern St.,0
Loyola MDLehigh1-19,2026-01-19,Pat at Pat,346 Loyola MD at 309 Lehigh,"Lehigh -8.6, 80-71 (79%)",19.616953002137954,1,H,Loyola MD,01/19/2026,101.23222580122092,124.02807548050424,0.0882216648905184,0.2106123627396313,70.99948122953116,Lehigh,103.694355959585,113.25571435058733,0.2661379785411552,0.7893876372603688,79.64369296085053,68.18933961375424,,0,,,,,,,,,,,,,,,,,0.948466528883636,0.9920932471474894,739635,,,,346,309,,,,Loyola MD,Lehigh,-8.644211731319373,150.64317419038167,-3.5,-0.5,4.6,8.1,71.2,101.4,20260119,-15.400000000000006,103.6,119.0,68.5,-12.5,102.0,114.5,67.6,,,,,,423,385,423,-19.870000000000005,102.566,122.436,68.3736,Lehigh,385,-12.382999999999996,102.364,114.747,67.6375,Loyola MD,69.33051563351754,-21.38970474317703,-18.80952202640082,99.63590769402491,118.44542972042576,423,Loyola MD,Loyola MD,68.54071788668703,-11.974406266226264,-11.30167711619874,99.81279805464646,111.11447517084517,Lehigh,73.9670657581648,80.04650269550562,154.01356845367042,-6.07943693734083,65.03651685393258,73.29201026459823,82.54491717030169,155.8369274348999,-9.252906905703455,64.95251924157303,70.84276138307702,80.0083987381644,150.85116012124143,-9.165637355087384,66.74105776650941,-7.8408735644242995,66.74105776650941,-4.323352239998954,66.74105776650941,Loyola MD,Lehigh,01/19/2026,Loyola MD vs Lehigh,2026-01-19 18:00:00-06:00,-5.5,-5.5,-5.5,69.97944856925476,77.23927176661918,7.259823197364426,-2.3408735644242995,-2.8408735644242995,Lehigh,Lehigh,1
StonehillSaint Francis1-19,2026-01-19,NEC at NEC,344 Stonehill at 356 Saint Francis,"Saint Francis -2.1, 71-69 (59%)",28.73262262075056,1,H,Stonehill,01/19/2026,93.20928728207788,113.98388492287782,0.08997733564761,0.4149772195846929,68.57513990084279,St. Francis PA,99.88867892423364,118.55806447579964,0.1223368529001488,0.585022780415307,70.65389993209739,68.33082008687504,,0,,,,,,,,,,,,,,,,,0.9795436483902212,0.9919217364596682,739635,,,,344,356,,,,Stonehill,Saint Francis,-2.0787600312546033,139.22903983294017,-2.3,0.6,4.2,6.4,71.2,101.4,20260119,-17.5,95.4,112.9,66.4,-22.69999999999999,97.9,120.6,69.4,,,,,,807,782,807,-18.084000000000003,94.437,112.521,66.6238,Saint Francis,782,-21.513199999999998,98.6068,120.12,69.5579,Stonehill,67.62637425435801,-16.897857844847042,-16.687026927478723,93.30057810901397,109.98760503649268,807,Stonehill,Stonehill,70.46006840095727,-22.470623053054577,-20.06865569886586,97.0331110453838,117.10176674424969,St. Francis PA,71.39357236687698,72.5374267332,143.93099910007697,-1.143854366323012,64.72134831460674,70.78956583577143,73.22751078425274,144.01707662002417,-2.4379449484813165,65.0872418261236,70.10400464861708,72.4237197297584,142.52772437837547,-2.319715081141325,66.92358083807305,2.224488925502733,66.92358083807305,-3.4454936358673507,66.92358083807305,Stonehill,St. Francis PA,01/19/2026,Stonehill vs Saint Francis,2026-01-19 11:00:00-06:00,1.5,1.5,1.5,44.32015031835318,41.61096547559138,-2.7091848427618004,0.7244889255027331,1.3244889255027332,Saint Francis,Stonehill,0
Florida A&MMississippi Valley St.1-19,2026-01-19,SWAC at SWAC,290 Florida A&M at 365 Mississippi Valley St.,"Florida A&M -9.6, 75-65 (83%)",10.41492734417509,1,H,Florida A&M,01/19/2026,100.6601391708656,114.79615759431336,0.18076198637489,0.8297018393372518,74.68346513159099,Mississippi Valley St.,91.10800760133516,119.24149885296784,0.0433260276176555,0.1702981606627481,65.07638325228339,68.51406345245232,,0,,,,,,,,,,,,,,,,,0.9932605717281738,0.9821501493827348,739635,,,,290,365,,,,Florida A&M,Mississippi Valley St.,9.6070818793076,139.75984838387438,9.0,7.6,8.7,-0.3,71.2,101.4,20260119,-13.5,101.7,115.2,68.7,-33.69999999999999,89.4,123.1,67.2,,,,,,233,491,233,-11.336999999999989,101.986,113.323,68.7306,Mississippi Valley St.,491,-30.873199999999997,89.9388,120.812,67.6066,Florida A&M,69.7566608837576,-9.618224675748191,-11.560659405587412,98.5384931860112,110.09915259159855,233,Florida A&M,Florida A&M,68.81121226817854,-29.647254764476614,-29.21573777948689,90.23035991062767,119.4460976901145,Mississippi Valley St.,77.82890086984679,67.7132984020854,145.5421992719322,10.115602467761391,64.84044943820224,77.09491686533687,67.44695441716988,144.54187128250675,9.647962448166993,65.26182839831459,76.07792461616036,67.91090530087085,143.9888299170312,8.167019315289508,67.41629774145493,11.985772877988452,67.41629774145493,4.100528893826265,67.41629774145493,Florida A&M,Mississippi Valley St.,01/19/2026,Florida A&M vs Mississippi Valley St.,2026-01-19 19:00:00-06:00,11.5,,12.5,13.670617005697384,12.68305029011232,-0.9875667155850643,-0.5142271220115475,7.085772877988452,Mississippi Valley St.,Mississippi Valley St.,1
BryantNJIT1-19,2026-01-19,AE at AE,345 Bryant at 338 NJIT,"NJIT -4.5, 68-64 (69%)",22.55194658837155,1,H,Bryant,01/19/2026,95.31317254303814,116.71594617703688,0.0886998418355047,0.312349363040344,63.83002704393111,NJIT,98.44435787015318,112.55524372289108,0.1764690508396083,0.687650636959656,68.3639890311129,65.51588150775972,,0,,,,,,,,,,,,,,,,,0.9688943005399384,0.9920465938686012,739635,,,,345,338,,,,Bryant,NJIT,-4.533961987181783,132.194016075044,-19.4,-13.5,-15.1,4.3,71.2,101.4,20260119,-16.39999999999999,98.2,114.6,64.7,-17.799999999999997,96.9,114.7,68.4,,,,,,90,526,90,-18.6494,96.5686,115.218,64.734,NJIT,526,-16.857,97.181,114.038,68.6394,Bryant,65.91923477434398,-20.52349348136033,-17.20963656383419,94.23832383584121,111.44796039967541,90,Bryant,Bryant,69.51074469543698,-15.333084607045958,-16.667859911509716,95.1987763734011,111.86663628491075,NJIT,67.12297073989185,69.98850848602922,137.11147922592107,-2.8655377461373632,62.155617977528095,65.89118690272181,70.8541968165099,136.7453837192317,-4.963009913788085,62.40593988202246,65.04712591828728,69.23497680152317,134.28210271981044,-4.187850883235896,64.35526824323027,-4.819190706632966,64.35526824323027,-14.189564384413345,64.35526824323027,Bryant,NJIT,01/19/2026,Bryant vs NJIT,2026-01-19 13:00:00-06:00,-2.5,,-1.5,59.409638599828355,67.68723403748803,8.27759543765967,-3.3191907066329662,-16.819190706632966,NJIT,NJIT,1
ProvidenceMarquette1-19,2026-01-19,BE at BE,76 Providence at 131 Marquette,"Providence -1.1, 87-86 (54%)",73.33684705655939,1,H,Providence,01/19/2026,120.91194182637312,112.61721688899252,0.6936588843446437,0.5363818253931903,86.9445031687071,Marquette,111.28207491693615,104.97027615751882,0.6618380858694044,0.4636181746068096,85.84926861293653,75.43046986049659,,0,,,,,,,,,,,,,,,,,0.7732602379341706,0.8428084384419481,739635,,,,76,131,,,,Providence,Marquette,1.095234555770574,172.7937717816436,-4.1,-1.8,-1.2,3.0,71.2,101.4,20260119,12.5,121.9,109.4,72.9,4.199999999999989,111.1,106.9,69.8,,,,,,658,431,658,11.332999999999998,122.505,111.172,72.9243,Marquette,431,3.5010000000000048,109.854,106.353,70.151,Providence,73.64218913349119,10.558985359953692,11.254117749331579,119.80447630059044,108.55035855125881,658,Providence,Providence,70.98102485536947,-3.2667400552436763,3.972598491298452,107.56933738389341,103.59673889259496,Marquette,89.28946956985996,88.07898336685281,177.36845293671277,1.2104862030071502,71.46657303370786,89.75229782686887,88.97651479491871,178.7288126217876,0.7757830319501551,71.84989563623596,87.36228135719116,86.92539499288957,174.28767635008074,0.4368863643015999,73.41570305179997,8.019662685906113,73.41570305179997,-5.1575999707950615,73.41570305179997,Providence,Marquette,01/19/2026,Providence vs Marquette,2026-01-19 17:00:00-06:00,-1.5,-1.5,-1.5,55.67984968164682,22.249995386506306,-33.429854295140515,9.519662685906113,7.719662685906113,Providence,Providence,1
Sacred HeartRider1-19,2026-01-19,MAAC at MAAC,284 Sacred Heart at 350 Rider,"Sacred Heart -2.0, 71-69 (58%)",32.28715891512353,1,H,Sacred Heart,01/19/2026,105.9514995353494,120.45780418525015,0.1860841590572755,0.5825048534006105,70.85487381746219,Rider,96.933008919228,113.44297981433796,0.1407925904460564,0.4174951465993894,68.83219702278896,64.9120334537222,,0,,,,,,,,,,,,,,,,,0.9760379787740182,0.9815163752774256,739635,,,,284,350,,,,Sacred Heart,Rider,2.022676794673231,139.68707084025115,-7.4,1.3,-1.5,5.9,71.2,101.4,20260119,-10.200000000000003,108.2,118.4,67.8,-19.299999999999997,96.2,115.5,64.9,,,,,,701,682,701,-11.565000000000012,107.347,118.912,67.7664,Rider,682,-19.248000000000005,95.689,114.937,64.9636,Sacred Heart,68.68536162103499,-13.790954363003193,-11.396541917420675,104.76343974720095,116.1599816646216,701,Sacred Heart,Sacred Heart,66.0699903115047,-20.368177897339404,-17.80734311342112,94.60471488906813,112.41205800248922,Rider,74.04905438714589,71.37713739753708,145.42619178468297,2.6719169896088033,61.80084269662921,73.14255870201782,71.33951616259071,144.48207486460853,1.8030425394271106,61.830748638202245,71.96593324849913,71.02245979591329,142.98839304441242,0.9434734525858346,63.73653338264014,2.712277193207804,63.73653338264014,-6.540388109593003,63.73653338264014,Sacred Heart,Rider,01/19/2026,Sacred Heart vs Rider,2026-01-19 13:00:00-06:00,3.5,3.5,3.5,36.944134018176364,39.80830190520766,2.864167887031293,-0.7877228067921962,0.5122771932078038,Rider,Rider,1
VermontAlbany1-19,2026-01-19,AE at AE,231 Vermont at 292 Albany,"Vermont -0.6, 74-73 (52%)",44.43754779873693,1,H,Vermont,01/19/2026,110.05710200168092,118.20169469925882,0.3055470417745957,0.5246771562169168,73.16144265986614,Albany,107.00242442291868,115.91242310316682,0.2849966985102746,0.4753228437830832,72.53565284990448,63.15015511591595,,0,,,,,,,,,,,,,,,,,0.943647091827117,0.965026882088202,739635,,,,231,292,,,,Vermont,Albany,0.6257898099616597,145.69709550977063,-7.3,-14.6,-2.5,4.8,71.2,101.4,20260119,-3.9000000000000057,111.5,115.4,64.8,-12.0,105.2,117.2,66.0,,,,,,948,16,948,-5.177999999999997,111.507,116.685,64.7143,Albany,16,-11.809999999999988,105.629,117.439,66.181,Vermont,65.87987839573475,-7.0086868595238085,-4.403288746994056,109.51535103311652,113.91863978011054,948,Vermont,Vermont,67.34656962408161,-12.757939216909998,-11.67760934819366,102.86835272163336,114.54596206982706,Albany,75.2588021668825,73.94323576125844,149.20203792814095,1.3155664056240681,60.067415730337075,75.52381859508924,75.17782263914518,150.70164123423442,0.34599595594406196,60.15248719522471,74.94780759474789,74.04620509275053,148.9940126874984,0.9016025019973597,62.314379455117695,2.010252610373051,62.314379455117695,-6.313817555151438,62.314379455117695,Vermont,Albany,01/19/2026,Vermont vs Albany,2026-01-19 12:00:00-06:00,4.5,4.5,5.5,33.41175708976246,42.40854950652805,8.996792416765587,-3.489747389626949,-18.08974738962695,Albany,Albany,1
ManhattanQuinnipiac1-19,2026-01-19,MAAC at MAAC,336 Manhattan at 166 Quinnipiac,"Quinnipiac -18.0, 89-71 (92%)",23.09046452967746,1,H,Manhattan,01/19/2026,103.43329281606208,124.09999826963612,0.1095984749645044,0.0831577519509924,70.56328423918943,Quinnipiac,108.93253340741816,106.07822809593009,0.575749098606914,0.9168422480490076,88.52979894599967,71.53078982517691,,0,,,,,,,,,,,,,,,,,0.8310324131222508,0.9899631522700464,739635,,,,336,166,,,,Manhattan,Quinnipiac,-17.966514706810244,159.0930831851891,-1.4,-2.6,-10.4,-9.0,71.2,101.4,20260119,-16.599999999999994,105.0,121.6,69.0,-1.2000000000000028,107.0,108.2,70.3,,,,,,427,670,427,-17.711,104.796,122.507,68.9081,Quinnipiac,670,0.060000000000002274,107.535,107.475,70.4016,Manhattan,69.76509577376909,-21.860702146245387,-16.542298208752733,103.26687109829335,119.80916930704613,427,Manhattan,Manhattan,71.17869912889775,-0.03054907105159399,-0.07425267396018259,104.92921078778193,105.0034634617421,Quinnipiac,74.20904742277939,89.88344919910112,164.0924966218805,-15.67440177632173,68.12780898876404,73.57679158278475,91.01678908406983,164.59358066685456,-17.439997501285077,68.13540018202248,72.50847400589433,88.90632648712061,161.41480049301492,-16.39785248122628,69.7442241823012,-16.964358810652868,69.7442241823012,-2.7398321027775197,69.7442241823012,Manhattan,Quinnipiac,01/19/2026,Manhattan vs Quinnipiac,2026-01-19 13:00:00-06:00,-12.5,-12.5,-12.5,88.30703586536275,94.69153447852622,6.384498613163473,-4.464358810652868,-7.064358810652868,Quinnipiac,Quinnipiac,1
LIULe Moyne1-19,2026-01-19,NEC at NEC,206 LIU at 265 Le Moyne,"LIU -0.1, 77-76 (50%)",53.27010871625507,1,H,LIU Brooklyn,01/19/2026,106.73370259658212,112.9314095161198,0.3431918885902498,0.5024521147610767,76.02648112778077,Le Moyne,106.67225972684147,112.96270550116822,0.34098434720812,0.4975478852389233,75.96166454675478,69.43340244429719,,0,,,,,,,,,,,,,,,,,0.928057035981688,0.9587372837438792,739635,,,,206,265,,,,LIU,Le Moyne,0.06481658102599397,151.98814567453553,-7.3,-5.3,-0.2,7.2,71.2,101.4,20260119,-3.9000000000000057,107.8,111.7,68.3,-9.700000000000003,105.6,115.3,68.7,,,,,,373,383,373,-3.3419999999999987,108.14,111.482,68.4788,Le Moyne,383,-9.147999999999996,105.303,114.451,68.7657,LIU,69.43533011281015,-1.8247477624443431,-3.5976674914147684,105.55283131980804,109.1504988112228,373,LIU Brooklyn,LIU Brooklyn,69.62759090881168,-6.575536116191933,-9.025989700631973,103.33163469975739,112.35762440038935,Le Moyne,78.53466402310809,78.82291530307415,157.35757932618225,-0.2882512799660617,65.90182584269662,78.48196128698947,78.72840743883303,157.2103687258225,-0.246446151843557,66.13753675786516,77.20940226526011,77.65668717312532,154.86608943838542,-0.44728490786521036,67.90189269259885,1.4044775390534312,67.90189269259885,-6.992536909483832,67.90189269259885,LIU Brooklyn,Le Moyne,01/19/2026,LIU vs Le Moyne,2026-01-19 14:00:00-06:00,1.5,1.5,1.5,44.32015031835318,44.67962717978502,0.359476861431844,-0.0955224609465688,-5.395522460946569,Le Moyne,Le Moyne,1
Prairie View A&MAlcorn St.1-19,2026-01-19,SWAC at SWAC,285 Prairie View A&M at 339 Alcorn St.,"Prairie View A&M -0.6, 82-81 (52%)",44.57357154262832,1,H,Prairie View A&M,01/19/2026,102.68562024798116,116.86888271301024,0.1842406834684996,0.5220799478701681,81.3960683738604,Alcorn St.,101.32878614086562,116.21432013856474,0.1713267095984466,0.4779200521298319,80.77293865668781,75.1059545071025,,0,,,,,,,,,,,,,,,,,0.9699552646135076,0.9817367430755592,739635,,,,285,339,,,,Prairie View A&M,Alcorn St.,0.6231297171725885,162.16900703054822,6.4,2.3,-2.2,-8.6,71.2,101.4,20260119,-11.899999999999991,102.7,114.6,72.4,-17.799999999999997,100.4,118.2,69.1,,,,,,650,17,650,-11.331000000000003,104.038,115.369,72.4125,Alcorn St.,17,-17.717,100.028,117.745,70.3429,Prairie View A&M,73.19409458131166,-8.745879636095063,-10.95971853390677,101.36297448074572,112.32269301465251,650,Prairie View A&M,Prairie View A&M,71.11425502698849,-21.624139746779097,-19.22508656898967,97.39195164703611,116.61703821602579,Alcorn St.,81.7787400099701,81.9771669351101,163.7559069450802,-0.19842692514001214,70.26460674157303,84.02415632391728,83.71484652853985,167.73900285245713,0.3093097953774304,71.54080402036516,82.85332513862046,81.0926037852316,163.94592892385208,1.7607213533888597,73.1059481534398,7.678639680024752,73.1059481534398,2.7423503271318452,73.1059481534398,Prairie View A&M,Alcorn St.,01/19/2026,Prairie View A&M vs Alcorn St.,2026-01-19 14:00:00-06:00,2.5,1.5,2.5,40.590361400171645,23.22982653486183,-17.360534865309816,5.178639680024752,7.478639680024751,Alcorn St.,Prairie View A&M,0
MontanaNorthern Arizona1-19,2026-01-19,BSky at BSky,163 Montana at 313 Northern Arizona,"Montana -4.8, 74-70 (68%)",39.51279054630759,1,H,Montana,01/19/2026,107.08060974400296,109.71880747793286,0.4304789864807526,0.6818278021759978,74.45470418494118,Northern Arizona,104.2928790722193,114.18487833998364,0.2607485538378887,0.3181721978240022,69.68004921310536,67.0521846020968,,0,,,,,,,,,,,,,,,,,0.9498073421257168,0.9413900314207264,739635,,,,163,313,,,,Montana,Northern Arizona,4.774654971835815,144.13475339804654,9.4,6.6,6.7,-2.7,71.2,101.4,20260119,-1.7999999999999972,108.8,110.6,70.2,-13.0,103.1,116.1,64.9,,,,,,503,583,503,0.1799999999999926,108.491,108.311,70.3388,Northern Arizona,583,-12.735,102.954,115.689,64.6514,Montana,71.21756286281291,1.8397522887354845,0.8972261945865907,106.79713216071009,105.89990596612347,503,Montana,Montana,65.83675735133038,-12.91962741895724,-11.60130116195001,100.21859637556831,111.81989753751832,Northern Arizona,77.49591408963317,73.98668389359437,151.48259798322755,3.5092301960388,63.98848314606742,76.85896808007936,72.21819675953381,149.07716483961318,4.640771320545554,63.86940862808989,75.39978404156443,70.86917739919147,146.2689614407559,4.530606642372959,65.85299726618162,7.977760010091586,65.85299726618162,4.30942014109894,65.85299726618162,Montana,Northern Arizona,01/19/2026,Montana vs Northern Arizona,2026-01-19 19:00:00-06:00,4.5,4.5,4.5,33.41175708976246,22.369105676543256,-11.042651413219204,3.477760010091586,10.077760010091586,Northern Arizona,Montana,0
Southeastern LouisianaUT Rio Grande Valley1-19,2026-01-19,Slnd at Slnd,271 Southeastern Louisiana at 178 UT Rio Grande Valley,"UT Rio Grande Valley -9.2, 72-63 (82%)",30.8044719484378,1,H,Southeastern Louisiana,01/19/2026,99.0712400421938,111.00148738218088,0.2128886018651121,0.1792033615612996,62.70675882622131,UT Rio Grande Valley,108.78233842402554,106.77533548516288,0.5533346625838053,0.8207966384387003,71.94977169194419,65.45380410294999,,0,,,,,,,,,,,,,,,,,0.8434540006002172,0.9782075082659634,739635,,,,271,178,,,,Southeastern Louisiana,UT Rio Grande Valley,-9.243012865722882,134.6565305181655,0.4,-9.7,-0.3,-0.7,71.2,101.4,20260119,-9.299999999999997,100.7,110.0,66.0,-3.200000000000003,106.7,109.9,67.2,,,,,,765,846,765,-9.200999999999993,100.376,109.577,65.9737,UT Rio Grande Valley,846,-0.7960000000000065,107.386,108.182,67.2858,Southeastern Louisiana,67.0608379529191,-7.77707952161144,-8.712965944460644,98.58033105116107,107.29329699562167,765,Southeastern Louisiana,Southeastern Louisiana,68.23100609355794,3.143338832735624,0.08310464306606682,105.75924583767822,105.67614119461214,UT Rio Grande Valley,66.09616363493596,74.13585055280899,140.23201418774494,-8.039686917873027,62.29213483146067,64.91051188717087,74.3908112583474,139.30132314551827,-9.480299371176528,62.34681437443818,64.1880010378848,73.94343956625285,138.13144060413765,-9.755438528368046,64.26444442422365,-8.775660760163639,64.26444442422365,-1.5333496439619907,64.26444442422365,Southeastern Louisiana,UT Rio Grande Valley,01/19/2026,Southeastern Louisiana vs UT Rio Grande Valley,2026-01-19 18:30:00-06:00,-5.5,-5.5,-5.5,69.97944856925476,79.83598766066957,9.856539091414817,-3.275660760163639,-12.975660760163638,UT Rio Grande Valley,UT Rio Grande Valley,1
DrexelTowson1-19,2026-01-19,CAA at CAA,208 Drexel at 214 Towson,"Towson -3.0, 62-59 (64%)",41.09434633018452,1,H,Drexel,01/19/2026,103.76501180020118,109.9873355571347,0.3385598868650971,0.3624702466485301,58.92171699122326,Towson,103.94040079429548,104.8943138851023,0.473759157518739,0.6375297533514699,61.88702071213363,59.60912212582799,,0,,,,,,,,,,,,,,,,,0.8811503203608416,0.959545196411527,739635,,,,208,214,,,,Drexel,Towson,-2.96530372091037,120.8087377033569,19.0,18.9,15.1,-3.9,71.2,101.4,20260119,-4.700000000000003,105.0,109.7,63.6,-0.7999999999999972,105.4,106.2,63.5,,,,,,198,863,198,-3.4439999999999884,105.132,108.576,63.6609,Towson,863,-3.668999999999997,102.607,106.276,63.5038,Drexel,64.9605181106457,-2.700464161231726,-3.6534683262507968,102.85667350389551,106.5101418301463,198,Drexel,Drexel,64.76791957151707,-5.302399991192964,-3.0658985992966463,100.55706665859802,103.62296525789466,Towson,60.64298050219067,66.50220429515731,127.14518479734798,-5.859223792966645,56.721910112359545,60.824492734978136,64.14181978215053,124.96631251712867,-3.317327047172398,56.7796216491573,60.385657443155324,64.17574924580715,124.56140668896248,-3.7900918026518298,59.092101296550254,-0.050833431709406796,59.092101296550254,9.480263995208155,59.092101296550254,Drexel,Towson,01/19/2026,Drexel vs Towson,2026-01-19 12:00:00-06:00,-6.5,-6.5,-5.5,73.20575054664809,50.19313834236395,-23.01261220428414,5.449166568290593,24.349166568290592,Towson,Drexel,0
New HavenChicago St.1-19,2026-01-19,NEC at NEC,335 New Haven at 352 Chicago St.,"Chicago St. -1.2, 66-65 (55%)",29.28159683915836,1,H,New Haven,01/19/2026,95.82885055248808,114.7812644964136,0.111516702561794,0.4479857593025591,64.56066674315431,Chicago St.,100.12035644437456,117.76367975851912,0.1339438490506309,0.5520142406974409,65.74364098843681,62.99420202403613,,0,,,,,,,,,,,,,,,,,0.977353385286872,0.9897674585620456,739635,,,,335,352,,,,New Haven,Chicago St.,-1.1829742452824945,130.3043077315911,10.4,9.2,1.6,-8.9,71.2,101.4,20260119,-17.5,97.2,114.7,63.1,-21.099999999999994,98.4,119.5,67.3,,,,,,1010,141,1010,-16.217000000000013,97.091,113.308,63.3449,Chicago St.,141,-20.4795,98.8355,119.315,67.4448,New Haven,64.62365938905702,-14.319810725323773,-15.356449850410963,94.63107516351808,109.98752501392903,1010,New Haven,New Haven,68.50280613082921,-18.30030417663541,-18.782570624098213,97.53259459198006,116.3151652160783,Chicago St.,66.42238643144847,68.25915396948538,134.68154040093384,-1.8367675380369093,59.643679775280894,66.64537669541681,68.13835191624749,134.7837286116643,-1.4929752208306724,60.00399033033708,65.61541901545799,67.63182043622287,133.24723945168085,-2.016401420764879,62.17559003642295,1.0179232534462699,62.17559003642295,4.85106388582178,62.17559003642295,New Haven,Chicago St.,01/19/2026,New Haven vs Chicago St.,2026-01-19 18:00:00-06:00,-1.5,-1.5,-1.5,55.67984968164682,46.138500763339685,-9.541348918307136,2.51792325344627,11.71792325344627,Chicago St.,New Haven,0
PrincetonDartmouth1-19,2026-01-19,Ivy at Ivy,236 Princeton at 217 Dartmouth,"Dartmouth -4.6, 75-70 (68%)",42.68120634258683,1,H,Princeton,01/19/2026,102.75655474985228,110.79674389932686,0.2960144551675336,0.3239579335788702,69.94555010238948,Dartmouth,109.10801748485612,110.35520309340563,0.4673694670246471,0.6760420664211297,74.566095579856,67.92004416143314,,0,,,,,,,,,,,,,,,,,0.8838101458525336,0.966524897676569,739635,,,,236,217,,,,Princeton,Dartmouth,-4.620545477466521,144.51164568224547,5.0,5.8,7.3,2.3,71.2,101.4,20260119,-5.5,104.7,110.2,65.2,-5.0,107.8,112.8,70.4,,,,,,655,176,655,-5.265000000000001,104.11,109.375,65.3718,Dartmouth,176,-4.100999999999999,107.708,111.809,70.464,Princeton,66.63872140065003,-5.578532354571892,-5.17081691243383,101.53361767764156,106.7044345900754,655,Princeton,Princeton,71.03269747790203,-1.9546217900878902,-4.569152055740468,105.30057776884712,109.86972982458755,Dartmouth,72.99816068353073,77.6566356678472,150.6547963513779,-4.65847498431647,64.46741573033708,72.20426097650811,77.28260015045068,149.4868611269588,-5.078339173942567,64.69604656179774,71.10641142736104,75.74537977195325,146.85179119931428,-4.6389683445922145,66.48213676357541,-4.2006381812751385,66.48213676357541,1.3732550169884092,66.48213676357541,Princeton,Dartmouth,01/19/2026,Princeton vs Dartmouth,2026-01-19 17:00:00-06:00,-1.5,-1.5,-1.5,55.67984968164682,65.54441244913443,9.864562767487605,-2.7006381812751385,3.0993618187248613,Dartmouth,Dartmouth,1
NortheasternMonmouth1-19,2026-01-19,CAA at CAA,237 Northeastern at 216 Monmouth,"Monmouth -4.8, 77-72 (68%)",42.32878256015012,1,H,Northeastern,01/19/2026,109.3099416896536,117.86795268703663,0.2959117478548057,0.3230403574273017,72.31308406730867,Monmouth,106.04373365562968,107.22139068967488,0.4682906020787752,0.6769596425726983,77.11813815433884,67.93850785198784,,0,,,,,,,,,,,,,,,,,0.8834296684892112,0.966540841903696,739635,,,,237,216,,,,Northeastern,Monmouth,-4.805054087030172,149.4312222216475,-4.3,7.6,-3.3,1.0,71.2,101.4,20260119,-4.799999999999997,110.0,114.8,69.8,-5.099999999999994,104.4,109.5,66.0,,,,,,581,500,581,-5.605000000000004,110.75,116.355,69.9187,Monmouth,500,-3.9509999999999934,104.683,108.634,65.8996,Northeastern,70.68661237164258,-3.974450888662224,-4.726958525851952,107.49152210994933,112.21848063580127,581,Northeastern,Northeastern,67.0096224217834,-2.986638281865665,-3.497913469463451,103.02440656523767,106.5223200347011,Monmouth,74.72089131038493,78.63206956098875,153.35296087137368,-3.9111782506038253,64.70224719101122,74.64857306475734,79.92732814087441,154.57590120563174,-5.278755076117065,64.71368486685394,73.03399378594514,77.98962047395324,151.02361425989838,-4.9556266880080955,66.52644951262265,-2.4550637248774336,66.52644951262265,-4.7019563986531665,66.52644951262265,Northeastern,Monmouth,01/19/2026,Northeastern vs Monmouth,2026-01-19 10:00:00-06:00,-3.5,-3.5,-3.5,63.055865981823636,59.24359281315185,-3.812273168671787,1.0449362751225664,8.644936275122566,Monmouth,Northeastern,0
UMBCBinghamton1-19,2026-01-19,AE at AE,287 UMBC at 361 Binghamton,"UMBC -6.2, 74-68 (73%)",17.186613102098285,1,H,UMBC,01/19/2026,104.15008527142666,118.61487264179442,0.1830883269247156,0.7321146969490996,73.99712757554963,Binghamton,97.3878682888188,121.04649636119524,0.0757922697902154,0.2678853030509004,67.80270412262229,64.6313499030272,,0,,,,,,,,,,,,,,,,,0.987862568498398,0.981874039820457,739635,,,,287,361,,,,UMBC,Binghamton,6.194423452927339,141.79983169817191,-1.2,-5.8,0.0,1.2,71.2,101.4,20260119,-10.5,106.4,116.9,66.2,-24.39999999999999,96.7,121.1,66.2,,,,,,900,70,900,-11.570999999999998,105.522,117.093,65.9795,Binghamton,70,-26.50290000000001,96.1381,122.641,66.4345,UMBC,67.1146286746659,-11.941020437053911,-11.111286114863004,103.07580757193267,114.1870936867957,900,UMBC,UMBC,67.41339442103805,-29.333866865551236,-25.165301974736163,94.41817597465754,119.58347794939377,Binghamton,76.03921613887033,70.55290906923709,146.5921252081074,5.486307069633241,61.55112359550562,76.38661570486568,70.27277764698992,146.6593933518556,6.113838057875753,61.56341422401685,75.09779657693693,69.46946816288714,144.56726473982405,5.62832841404979,63.545294020600586,9.640262647866912,63.545294020600586,-2.552487370219474,63.545294020600586,UMBC,Binghamton,01/19/2026,UMBC vs Binghamton,2026-01-19 13:00:00-06:00,5.5,,5.5,30.020551430745247,17.92779566170014,-12.092755769045105,4.140262647866912,-1.6597373521330878,Binghamton,UMBC,0
Montana St.Northern Colorado1-19,2026-01-19,BSky at BSky,133 Montana St. at 149 Northern Colorado,"Northern Colorado -2.6, 77-74 (60%)",56.2324979006586,1,H,Montana St.,01/19/2026,110.34133372616472,110.10419913040722,0.5061849967367273,0.402857195027612,74.16385032937288,Northern Colorado,115.5307724414111,111.40382592320556,0.6030800681724563,0.5971428049723879,76.74595471649342,66.43457365051806,,0,,,,,,,,,,,,,,,,,0.8145715908837592,0.9221421261369198,739635,,,,133,149,,,,Montana St.,Northern Colorado,-2.5821043871205376,150.90980504586628,4.1,5.8,2.7,-1.4,71.2,101.4,20260119,0.5999999999999943,110.6,110.0,65.8,-0.9000000000000057,112.1,113.0,68.8,,,,,,504,585,504,3.103999999999999,111.795,108.691,65.8742,Northern Colorado,585,1.1770000000000067,114.048,112.871,68.3972,Montana St.,66.95116686859846,5.746832860386261,3.5746822914860696,109.29864386358237,105.72396157209627,504,Montana St.,Montana St.,69.44639846220115,2.2193478521607695,1.7125811855465682,111.36728482175036,109.65470363620378,Northern Colorado,76.18751062873194,79.50063379685393,155.68814442558588,-3.31312316812199,63.58202247191011,76.5586579078256,79.54133883715262,156.09999674497823,-2.9826809293270173,63.281051014606746,75.03878587613085,77.96450026052263,153.00328613665346,-2.9257143843917817,65.30221084081472,0.4022345041585993,65.30221084081472,0.8370437385575684,65.30221084081472,Montana St.,Northern Colorado,01/19/2026,Montana St. vs Northern Colorado,2026-01-19 19:00:00-06:00,-2.5,-2.5,-2.5,59.409638599828355,48.47210370548406,-10.937534894344296,2.9022345041585993,8.7022345041586,Northern Colorado,Montana St.,0
Alabama A&MAlabama St.1-19,2026-01-19,SWAC vs. SWAC,308 Alabama A&M vs. 298 Alabama St.,"Alabama St. -0.3, 75-74 (51%)",42.52533676580035,1,N,Alabama A&M,01/19/2026,102.7039149162899,115.09046585756828,0.2125730701727499,0.4893839542484205,73.51243092656497,Alabama St.,106.0075673933781,118.35465077819154,0.2197687960697413,0.5106160457515795,73.78442107967697,66.59301468890189,,0,,,,,,,,,,,,,,,,,0.9696529467947572,0.9708780693522224,739635,,,,308,298,,,,Alabama A&M,Alabama St.,-0.27199015311200014,147.29685200624195,6.6,2.5,-4.9,-11.5,71.2,101.4,20260119,-12.099999999999994,102.5,114.6,65.8,-11.799999999999997,105.3,117.1,69.0,,,,,,9,11,9,-12.38600000000001,102.704,115.09,65.6574,Alabama St.,11,-12.347000000000008,106.008,118.355,68.7867,Alabama A&M,66.79346343326934,-14.151857151962735,-12.953275148218424,99.46716354233826,112.42043869055668,9,Alabama A&M,Alabama A&M,69.88125542521041,-13.828491246566516,-12.20383835660258,103.22817152216597,115.43200987876855,Alabama St.,75.4810262366199,75.88746132238545,151.36848755900536,-0.4064350857655512,63.76685393258426,76.04036192718758,76.32141932849578,152.36178125568335,-0.2810574013082032,63.431964558707854,74.23055445850407,75.02745651567474,149.25801097417883,-0.7969020571706693,65.55633537801609,-0.21198683743969582,65.55633537801609,4.326718134949061,65.55633537801609,Alabama A&M,Alabama St.,01/19/2026,Alabama A&M vs Alabama St.,2026-01-19 16:00:00-06:00,-1.5,,-1.5,55.67984968164682,50.805378737822295,-4.874470943824527,1.2880131625603042,3.788013162560304,Alabama A&M,Alabama A&M,1
East Texas A&MIncarnate Word1-19,2026-01-19,Slnd at Slnd,299 East Texas A&M at 212 Incarnate Word,"Incarnate Word -9.1, 76-67 (81%)",29.812392410735058,1,H,East Texas A&M,01/19/2026,98.06615421600873,112.39069297796776,0.1725164505205587,0.1877296113259354,66.61146757035858,Incarnate Word,108.21379551057343,109.18799518885103,0.4742562737011936,0.8122703886740645,75.67620576921325,68.5083954497986,,0,,,,,,,,,,,,,,,,,0.8809413564929988,0.9831175189748416,739635,,,,299,212,,,,East Texas A&M,Incarnate Word,-9.06473819885467,142.28767333957182,9.8,9.5,0.0,-9.9,71.2,101.4,20260119,-13.5,98.8,112.3,69.9,-3.0999999999999943,108.0,111.1,66.7,,,,,,211,325,211,-11.590199999999996,99.3578,110.948,69.8746,Incarnate Word,325,-3.801000000000002,106.825,110.626,66.4943,East Texas A&M,70.470368501746,-10.301031162402754,-10.091172465985556,97.3632047297104,107.45437719569595,211,East Texas A&M,East Texas A&M,67.48129775377457,-0.9876691216044589,-3.2131863242145466,105.41883127993123,108.63201760414576,Incarnate Word,68.9143865277572,80.53125788821349,149.4456444159707,-11.616871360456287,65.48216292134832,68.76996616982841,78.4249217287284,147.19488789855683,-9.6549555589,65.2564973985955,67.72960703328917,76.71675743999728,144.44636447328645,-8.98715040670811,66.78977415287272,-7.984931385426229,66.78977415287272,4.834644591829857,66.78977415287272,East Texas A&M,Incarnate Word,01/19/2026,East Texas A&M vs Incarnate Word,2026-01-19 17:00:00-06:00,-8.5,-8.5,-8.5,79.08930434072549,77.65130496543588,-1.437999375289607,0.5150686145737708,10.01506861457377,Incarnate Word,East Texas A&M,0
Saint Joseph'sVCU1-19,2026-01-19,A10 at A10,170 Saint Joseph's at 59 VCU,"VCU -14.2, 84-70 (88%)",45.49755826355681,1,H,Saint Joseph's,01/19/2026,105.20333038569902,108.18836950689636,0.4202474930282313,0.1226603958644544,70.03604398979068,VCU,122.41785171582713,106.0949416714194,0.8383113678693873,0.8773396041355456,84.21055010197367,69.59275309467584,Saint Joseph's,0,,,,,,,,,,,,,,,,,0.5628143059586117,0.9436574426699078,739635,,,,170,59,,,,Saint Joseph's,VCU,-14.174506112182982,154.24659409176434,18.0,11.9,8.6,-9.4,71.2,101.4,20260119,-1.8999999999999915,105.7,107.6,67.6,16.599999999999994,121.0,104.4,69.7,,,,,,706,940,706,-0.21099999999999852,106.589,106.8,67.6358,VCU,940,13.35499999999999,120.847,107.492,69.7826,Saint Joseph's,68.70818433495286,-3.312809477162663,-0.5662245291380288,104.54032773722257,105.10655226636058,706,Saint Joseph's,Saint Joseph's,70.7439963183973,12.530449007015484,12.293197215849853,117.10617472529664,104.81297750944678,VCU,70.01495939203146,87.3645163595056,157.37947575153706,-17.349556967474143,66.1758426966292,72.81958345108708,86.75387163862881,159.57345508971588,-13.934288187541725,66.28935361067415,71.7187742839563,85.2051035045628,156.9238777885191,-13.486329220606507,68.26813960162454,-12.81550368258145,68.26813960162454,10.384403251082318,68.26813960162454,Saint Joseph's,VCU,01/19/2026,Saint Joseph's vs VCU,2026-01-19 14:00:00-06:00,-15.5,,-15.5,93.00536172447475,88.8866881776472,-4.1186735468275515,2.6844963174185494,14.58449631741855,VCU,Saint Joseph's,0
North Carolina A&THampton1-19,2026-01-19,CAA at CAA,302 North Carolina A&T at 276 Hampton,"Hampton -5.0, 75-70 (69%)",32.722780263565035,1,H,North Carolina A&T,01/19/2026,103.15507907955828,118.33349487206893,0.1709876160181425,0.3131147985761071,70.22241180202806,Hampton,103.57195310457698,110.96636648090448,0.3115148637671116,0.6868852014238929,75.18714888889436,67.55134147557125,,0,,,,,,,,,,,,,,,,,0.9365146215475304,0.983294974298489,739635,,,,302,276,,,,North Carolina A&T,Hampton,-4.964737086866293,145.40956069092243,8.0,7.1,3.7,-4.3,71.2,101.4,20260119,-12.0,104.0,116.0,69.6,-7.200000000000003,104.1,111.3,65.5,,,,,,564,289,564,-12.301000000000002,104.514,116.815,69.6908,Hampton,289,-10.185000000000002,102.243,112.428,65.7382,North Carolina A&T,70.45425589253888,-8.901915458572082,-11.173986674630441,102.36002229624586,113.53400897087629,564,North Carolina A&T,North Carolina A&T,66.97464596250583,-9.719607974991776,-10.098409287212762,100.45227140320368,110.55068069041643,Hampton,71.05831820660329,78.40020886786516,149.45852707446846,-7.341890661261871,64.02808988764045,72.48999905109875,77.92618531944957,150.4161843705483,-5.4361862683508235,64.3447717494382,71.90272222822053,76.6410339480044,148.54375617622492,-4.73831171978388,66.27315793475536,-1.1409627664558926,66.27315793475536,3.451771157873793,66.27315793475536,North Carolina A&T,Hampton,01/19/2026,North Carolina A&T vs Hampton,2026-01-19 20:00:00-06:00,-5.5,-5.5,-5.5,69.97944856925476,54.326515296094136,-15.65293327316062,4.359037233544107,11.459037233544107,Hampton,North Carolina A&T,0
MerrimackMarist1-19,2026-01-19,MAAC at MAAC,227 Merrimack at 125 Marist,"Marist -9.2, 68-59 (83%)",35.063365581016456,1,H,Merrimack,01/19/2026,105.18159434528816,112.71034341329538,0.3110900830556305,0.1737679541410819,58.70126105168493,Marist,104.47412585052552,97.7578622185839,0.6822490478762365,0.8262320458589181,67.87885801129767,63.18974845612935,,0,,,,,,,,,,,,,,,,,0.7566098432692315,0.9641389462772528,739635,,,,227,125,,,,Merrimack,Marist,-9.177596959612735,126.58011906298259,0.5,2.9,8.8,8.3,71.2,101.4,20260119,-5.900000000000006,106.1,112.0,64.0,3.3000000000000114,103.4,100.1,67.0,,,,,,458,429,458,-4.697000000000003,106.567,111.264,64.0099,Marist,429,4.0874999999999915,103.133,99.0455,66.9513,Merrimack,65.26697338130789,-5.860229389032476,-5.500338775973789,103.45030163885511,108.95064041482888,458,Merrimack,Merrimack,67.98820405069458,9.096668245747088,3.8294733202665845,100.7588116660207,96.9293383457541,Marist,61.325361832371065,70.72147329438202,132.04683512675308,-9.396111462010957,60.2247191011236,60.91153342783494,70.03521145237826,130.9467448802132,-9.123678024543324,60.19025305997191,59.916982501033004,69.37417450906788,129.2911570101009,-9.45719200803488,62.32281325870242,-11.09483670989124,62.32281325870242,-1.5826255198914794,62.32281325870242,Merrimack,Marist,01/19/2026,Merrimack vs Marist,2026-01-19 13:00:00-06:00,-7.5,-7.5,-7.5,76.24747379730235,85.4664578502539,9.218984052951555,-3.59483670989124,-0.69483670989124,Marist,Marist,1
Stephen F. AustinNicholls St.1-19,2026-01-19,Slnd at Slnd,89 Stephen F. Austin at 211 Nicholls St.,"Stephen F. Austin -5.0, 76-71 (69%)",51.20323912153461,1,H,Stephen F. Austin,01/19/2026,110.35467617588851,103.95669402640642,0.6652632971233458,0.6861899048924364,75.58134173318236,Nicholls St.,111.97100659043954,112.90499702687418,0.4761362018184689,0.3138100951075636,70.61041032470052,66.79607005033498,,0,,,,,,,,,,,,,,,,,0.8801484415073659,0.8593276603312542,739635,,,,89,211,,,,Stephen F. Austin,Nicholls St.,4.970931408481832,146.19175205788287,6.6,7.0,8.6,2.0,71.2,101.4,20260119,6.800000000000011,110.9,104.1,65.7,-4.3999999999999915,109.7,114.1,68.9,,,,,,800,553,800,9.185000000000002,111.808,102.623,65.7177,Nicholls St.,553,-3.85799999999999,110.534,114.392,68.9332,Stephen F. Austin,66.82505256026022,15.706797468263106,9.08234328981678,110.20607472164026,101.12373143182347,800,Stephen F. Austin,Stephen F. Austin,69.0,0.0,0.0,100.0,100.0,Nicholls St.,77.13254536798114,73.62069447813118,150.7532398461123,3.5118508898499528,63.57766853932585,78.02166401813963,73.18285521759077,151.2045192357304,4.838808800548861,63.62544041629212,68.42736478233849,66.40479612454695,134.83216090688543,2.0225686577915383,64.7602335204769,8.216067558395707,64.7602335204769,2.3647846872337226,64.7602335204769,Stephen F. Austin,Nicholls St.,01/19/2026,Stephen F. Austin vs Nicholls St.,2026-01-19 18:30:00-06:00,-1.5,,1.5,55.67984968164682,21.69654964007566,-33.98330004157116,6.716067558395707,13.716067558395707,Stephen F. Austin,Stephen F. Austin,1
Mount St. Mary'sNiagara1-19,2026-01-19,MAAC at MAAC,283 Mount St. Mary's at 357 Niagara,"Mount St. Mary's -3.5, 68-65 (65%)",25.601437028099568,1,H,Mount St. Mary's,01/19/2026,99.1406467544586,112.43412876327136,0.1904602852784472,0.6473537795666137,68.30201780816311,Niagara,100.13440137305685,119.72064857431116,0.113603531882567,0.3526462204333863,64.78794280568832,63.365511342583375,,0,,,,,,,,,,,,,,,,,0.9811600979633196,0.9809896382617194,739635,,,,283,357,,,,Mount St. Mary's,Niagara,3.5140750024747973,133.08996061385142,0.4,-2.9,2.4,2.0,71.2,101.4,20260119,-11.200000000000003,100.5,111.7,69.0,-20.599999999999994,99.7,120.3,62.0,,,,,,513,548,513,-10.545000000000002,100.446,110.991,69.1014,Niagara,548,-22.4486,98.8494,121.298,62.1908,Mount St. Mary's,69.92072237203368,-13.006785246726427,-10.589310129577004,98.46580498508419,109.05511511466119,513,Mount St. Mary's,Mount St. Mary's,63.570924133387756,-26.20028317509885,-21.453530283411556,96.5736474950125,118.02717777842409,Niagara,69.64795201185261,67.8495658414045,137.4975178532571,1.7983861704481114,60.08426966292135,70.5074743258816,67.14794916576972,137.65542349165133,3.359525160111886,60.35774363932585,69.56131299132493,66.66948000117179,136.23079299249673,2.8918329901531337,62.428721028991866,6.8311984260195615,62.428721028991866,-1.5367453968496534,62.428721028991866,Mount St. Mary's,Niagara,01/19/2026,Mount St. Mary's vs Niagara,2026-01-19 13:00:00-06:00,2.5,2.5,2.5,40.590361400171645,25.76554883172798,-14.824812568443665,4.3311984260195615,1.4311984260195616,Niagara,Mount St. Mary's,0
