,Team,Region,Rank,Make,2nd Round,Sweet 16,Elite 8,Final 4,Championship,Win,Odds
0,Michigan,FinalFour,16,100.0,84.6,66.7,53.33,40.6,28.19,19.05,4.2493438320209975
1,Arizona,FinalFour,9,100.0,78.32,59.29,45.79,32.91,21.9,12.77,6.830853563038372
2,Duke,FinalFour,1,100.0,81.69,56.29,41.91,27.98,16.9,10.59,8.442870632672332
3,Florida,FinalFour,8,100.0,81.52,63.88,46.2,29.22,17.14,9.2,9.869565217391305
4,Illinois,SweetSixteen,3,100.0,75.37,56.86,38.3,23.12,13.61,6.98,13.326647564469912
5,Houston,EliteEight,9,100.0,77.38,51.19,34.25,18.37,11.01,6.39,14.64945226917058
6,Purdue,EliteEight,16,100.0,78.14,54.33,37.16,20.71,10.65,6.04,15.556291390728475
7,Iowa St.,EliteEight,12,100.0,72.93,48.96,27.42,15.33,8.24,4.12,23.271844660194173
8,Connecticut,EliteEight,13,100.0,72.47,52.28,31.76,15.78,7.09,2.98,32.557046979865774
9,Vanderbilt,SweetSixteen,2,100.0,68.64,41.33,23.51,11.77,5.48,2.23,43.84304932735426
10,Michigan St.,SweetSixteen,4,100.0,70.77,42.87,21.82,8.85,4.18,1.74,56.4712643678161
11,St. John's,midwest,5,100.0,66.5,42.56,18.46,8.81,4.28,1.72,57.139534883720934
12,Alabama,SweetSixteen,9,100.0,61.73,33.89,15.03,8.16,3.71,1.6,61.5
13,Gonzaga,SweetSixteen,8,100.0,75.13,41.89,20.31,8.04,3.35,1.29,76.51937984496124
14,Louisville,south,6,100.0,60.87,35.97,19.31,8.46,3.33,1.23,80.30081300813008
15,Arkansas,SweetSixteen,15,100.0,70.83,39.54,15.75,7.81,3.49,1.13,87.49557522123895
16,Tennessee,west,6,100.0,55.74,32.34,14.58,6.59,2.84,1.05,94.23809523809524
17,Virginia,SweetSixteen,13,100.0,63.47,38.39,13.85,6.81,2.41,1.04,95.15384615384615
18,Wisconsin,east,5,100.0,69.04,36.65,13.36,6.19,2.86,0.9,110.1111111111111
19,Texas Tech,west,5,100.0,65.42,38.75,14.79,7.71,2.38,0.9,110.1111111111111
20,Iowa,west,9,100.0,53.81,21.77,13.48,6.47,2.34,0.74,134.13513513513513
21,Nebraska,SweetSixteen,14,100.0,68.34,34.14,12.99,6.1,2.57,0.69,143.92753623188406
22,Kansas,south,5,100.0,52.52,29.32,11.97,5.88,2.15,0.59,168.4915254237288
23,Utah St.,south,9,100.0,57.05,20.89,11.03,5.34,1.83,0.54,184.18518518518516
24,UCLA,west,7,100.0,50.94,20.53,11.32,4.06,1.62,0.44,226.27272727272728
25,North Carolina,midwest,6,100.0,53.8,23.22,11.01,4.14,1.55,0.41,242.90243902439028
26,Ohio St.,west,8,100.0,46.19,19.06,11.14,5.31,1.2,0.4,248.99999999999997
27,Saint Louis,east,10,100.0,50.35,20.29,9.1,3.31,1.18,0.34,293.1176470588235
28,Georgia,midwest,8,100.0,53.15,20.53,10.07,3.28,1.08,0.27,369.3703703703704
29,Kentucky,east,7,100.0,49.65,22.27,10.55,2.88,0.99,0.27,369.3703703703704
30,Miami FL,south,7,100.0,51.64,22.48,10.9,3.93,0.97,0.27,369.3703703703704
31,Saint Mary's,midwest,7,100.0,55.01,22.24,7.9,2.4,0.85,0.25,399.0
32,N.C. State,east,9,100.0,57.62,19.97,9.5,3.93,0.99,0.24,415.6666666666667
33,Texas A&M,west,10,100.0,49.06,16.51,7.61,2.29,0.7,0.24,415.6666666666667
34,Villanova,south,8,100.0,42.95,13.98,8.55,2.99,0.98,0.23,433.78260869565213
35,BYU,east,6,100.0,60.39,28.51,12.98,3.54,0.62,0.19,525.3157894736842
36,TCU,midwest,9,100.0,46.85,12.0,5.89,1.86,0.78,0.14,713.2857142857142
37,Texas,east,11,100.0,39.61,20.45,7.46,2.54,0.57,0.13,768.2307692307693
38,UCF,midwest,11,100.0,46.2,11.66,4.75,1.24,0.39,0.13,768.2307692307693
39,SMU,south,11,100.0,39.13,12.06,5.0,1.32,0.42,0.12,832.3333333333334
40,Clemson,east,8,100.0,42.38,9.89,4.28,1.45,0.31,0.1,999.0
41,VCU,midwest,10,100.0,44.99,19.56,6.01,2.2,0.6,0.08,1249.0
42,Missouri,west,11,100.0,44.26,18.31,5.92,1.65,0.5,0.05,1999.0
43,Cal Baptist,south,13,100.0,29.17,13.22,2.16,0.89,0.33,0.05,1999.0
44,Miami OH,south,10,100.0,48.36,14.83,3.99,1.08,0.21,0.04,2499.0
45,Northern Iowa,south,12,100.0,47.48,17.92,3.17,0.86,0.18,0.03,3332.3333333333335
46,McNeese St.,midwest,12,100.0,33.5,12.61,3.76,0.82,0.26,0.02,4999.0
47,Furman,south,16,100.0,21.68,5.84,1.58,0.19,0.03,0.02,4999.0
48,Akron,east,12,100.0,30.96,13.42,3.3,0.83,0.3,0.01,9999.0
49,Kennesaw St.,south,14,100.0,31.36,10.64,2.66,0.54,0.09,0.01,9999.0
50,High Point,west,12,100.0,34.58,15.4,2.02,0.37,0.05,0.01,9999.0
51,Wright St.,midwest,14,100.0,24.63,8.26,3.33,0.7,0.13,0.0,0.0
52,Penn,east,14,100.0,29.23,8.17,2.86,0.35,0.09,0.0,0.0
53,Hofstra,east,13,100.0,36.53,11.54,1.56,0.25,0.03,0.0,0.0
54,North Dakota St.,midwest,13,100.0,31.66,10.69,1.76,0.18,0.03,0.0,0.0
55,Hawaii,west,13,100.0,38.27,11.96,1.46,0.3,0.02,0.0,0.0
56,Siena,south,15,100.0,27.53,10.41,2.87,0.25,0.01,0.0,0.0
57,Idaho,west,15,100.0,21.86,8.63,2.08,0.24,0.01,0.0,0.0
58,Queens,midwest,16,100.0,18.48,3.59,0.87,0.42,0.0,0.0,0.0
59,UMBC,midwest,15,100.0,27.07,9.24,1.28,0.18,0.0,0.0,0.0
60,Troy,west,14,100.0,24.87,7.46,1.02,0.1,0.0,0.0,0.0
61,Tennessee St.,east,15,100.0,22.62,6.25,0.98,0.06,0.0,0.0,0.0
62,Prairie View A&M,east,16,100.0,15.4,3.44,0.82,0.04,0.0,0.0,0.0
63,Lehigh,west,16,100.0,18.31,2.88,0.17,0.02,0.0,0.0,0.0
