ATS,EMRating,EMRating3GameEMA,EMRating5GameExpMA,EMRating10GameExpMA,AdjO,AdjO3GameEMA,AdjD,AdjD3GameEMA,Date,HomeAway,Op Rank,Opponent,Result,Pace,PPP,EFG%,TO%,OR%,FTR%,PPP1,EFG%1,TO%1,OR%1,FTR%1,OverUnder,ATSVegas,OverUnderVegas,AdjO3ExpMA,AdjO3ExpMAS,AdjO5ExpMA,AdjO10ExpMA,AdjD3ExpMA,AdjD3ExpMAS,AdjD5ExpMA,AdjD10ExpMA,DateNew,AdjOECurrent,AdjDECurrent,AdjEMCurrent,AdjOECurrentOpp,AdjDECurrentOpp,AdjEMCurrentOpp,PomAdjOECurrent,PomAdjDECurrent,PomAdjEMCurrent,PomAdjTCurrent,PomSpread,PomTotal,PomTempo,TRankSpread,TRankTotal,B3GSpread,B3GTotal,TRankLast10Spread,TRankLast10Total,MC5Spread,MC5Total,PomAdjOECurrentOpp,PomAdjDECurrentOpp,PomAdjEMCurrentOpp,PomAdjTCurrentOpp,AdjOELast10,AdjDELast10,AdjEMLast10,AdjOEOppLast10,AdjDEOppLast10,AdjEMOppLast10,MC10Spread,MC10Total,MC10Edge,AdjOE_MG,AdjDE_MG,AdjEM_MG,Adj_Margin_EM_MG,AdjOE_MG_Opp,AdjDE_MG_Opp,AdjEM_MG_Opp,Adj_Margin_EM_MG_Opp,Dates,MG_Spread,MG_Total,MG_Rank_Score_Dif,MG_Rank_Total,GameDifRating,DifCumSum,DifCumSumEMA,DifCumSumShifted,DifOverplayingandEMA,PomSpreadWinATS,PomSpreadLossATS,PomTotalWinTotal,PomTotalLossTotal,TRankSpreadWinATS,TRankSpreadLossATS,TRankTotalWinTotal,TRankTotalLossTotal,B3GSpreadWinATS,B3GSpreadLossATS,B3GTotalWinTotal,B3GTotalLossTotal,TRankLast10SpreadWinATS,TRankLast10SpreadLossATS,TRankLast10TotalWinTotal,TRankLast10TotalLossTotal,MC5SpreadWinATS,MC5SpreadLossATS,MC5TotalWinTotal,MC5TotalLossTotal,MG_SpreadWinATS,MG_SpreadLossATS,MG_TotalWinTotal,MG_TotalLossTotal,MG_Rank_Score_DifWinATS,MG_Rank_Score_DifLossATS,MG_Rank_TotalWinTotal,MG_Rank_TotalLossTotal,MG_SpreadWinATSResult,VegasImpliedWinPercent,MGImpliedWinPercent,PlayingOverRating,PlayingOverRating3,PlayingOverRatingShift,RollingMeanDiffEM,RollingMeanDiffEMShift,PlayingOverPomeroyTrue,PlayingOverPomeroyShiftTrue,PlayingOverDailyTrue,RollingMeanDiffEMTrue,RollingMeanDiffEMShiftTrue,SignalSum,SignalSumShift,SignalSumShiftAfterGame
-18.5,-2,,-2.0,-2.0,109.6,0.0,111.6,0.0,Tue 11-09 11-09,H,80 (Ⅱ),Chattanooga,"L, 75-64",63,101.7,44.7,19.1,37.5,36.8,119.2,50.0,9.5,38.7,44.6,-2.5,-7.5,141.5,109.6,0.0,109.6,109.6,111.6,0.0,111.6,111.6,20211109,107.3,98.2,9.099999999999994,103.3,100.4,2.8999999999999915,106.9,96.9,10.06,68.6,-8.477852075416436,137.42579827459713,67.03869132290185,-8.344124061142693,143.83876659588492,3.8304757445736612,143.83876659588492,-8.344124061142693,143.83876659588492,3.8304757445736612,155.8246986761019,102.6,99.5,3.08,68.7,107.3,98.2,9.099999999999994,103.3,100.4,2.8999999999999915,3.8304757445736612,155.8246986761019,0,98.06732095746108,96.57483651049333,1.492484446967751,2.556373335856714,93.19086623058,103.82883165293376,-10.637965422353759,-6.907409866798209,2021-11-09,-11.813196375393268,132.02514703804945,-8.180643474447173,132.02514703804945,-12.06,-12.06,0.0,0.0,-12.06,0,1,1,0,0,1,0,1,1,0,0,1,0,1,0,1,1,0,0,1,0,1,1,0,0,1,1,0,-3,0.7624747379730235,0.869719534308738,-12.06,,0.0,-12.06,0.0,-1,0.0,-1,-1,1,-3,0.0,0.0
6.0,9,,1.6666666666666663,2.220446049250313e-16,96.9,0.0,87.9,0.0,Wed 11-17 11-17,H,317 (Ⅳ),Little Rock,"W, 82-63",77,106.4,63.2,22.1,14.8,26.3,81.7,50.0,28.5,13.8,38.0,10.0,-13.0,135.0,103.25,109.6,105.36666666666667,107.29090909090908,99.75,111.6,103.7,107.29090909090908,20211117,106.1,96.9,9.199999999999989,91.1,102.6,-11.5,106.6,96.5,10.13,68.5,-18.03795572635437,138.88664961464448,69.37695590327169,-18.541318549460918,140.44531398349977,-1.044640341640502,140.44531398349977,-18.541318549460918,140.44531398349977,-1.044640341640502,147.69390522273142,93.3,103.7,-10.4,71.2,106.1,96.9,9.199999999999989,91.1,102.6,-11.5,-1.044640341640502,147.69390522273142,0,93.82400497618356,95.36766618452862,-1.543661208345057,1.526773108941912,108.29426947248854,95.15428966307718,13.139979809411358,10.359729209198251,2021-11-17,6.115938407013132,136.50471333691064,4.070030384734807,136.50471333691064,-1.1300000000000008,-13.190000000000001,-12.06,-12.06,-1.1300000000000008,1,0,1,0,1,0,1,0,0,1,1,0,1,0,1,0,0,1,1,0,0,1,1,0,0,1,1,0,-3,0.8921596253194927,0.2801249623074854,-8.463333333333335,,-12.06,-6.595000000000001,-12.06,-1,-1.0,-1,-1,-1,-3,-3.0,0.0
-21.0,-25,-6.200000000000003,-7.422222222222224,-4.654545454545456,71.6,92.7,97.2,98.9,Sun 11-21 11-21,N,102 (Ⅲ),Florida St.,"L, 73-45",70,64.4,43.2,34.3,18.2,36.4,104.4,57.9,24.3,30.0,19.3,-20.5,7.0,138.5,87.425,103.25,94.11111111111111,100.80165289256196,98.475,99.75,101.53333333333332,105.45619834710742,20211121,105.6,96.5,9.099999999999994,104.4,90.3,14.100000000000009,106.3,96.2,10.17,69.6,5.276482771915667,140.2688065289484,70.5900426742532,3.892559780896363,141.64289174667203,6.481363314265081,141.64289174667203,3.892559780896363,141.64289174667203,6.481363314265081,134.36484550326048,107.7,90.4,17.3,71.3,105.6,96.5,9.099999999999994,104.4,90.3,14.100000000000009,6.687453605904916,134.63006853280942,0,88.51236332471511,104.5522310547202,-16.039867730005085,-16.130848884983433,99.81924146941664,90.67489515263468,9.144346316781963,17.88135307290028,2021-11-21,17.410596300092465,133.35024616755166,24.009227876523305,133.35024616755166,-35.17,-48.36,-12.436666666666667,-13.190000000000001,-35.92333333333333,0,1,0,1,0,1,0,1,0,1,0,1,0,1,0,1,0,1,1,0,1,0,1,0,1,0,1,0,3,0.2524925375469229,0.048643392293408305,-17.592222222222226,-16.370000000000005,-8.463333333333335,-16.119999999999997,-6.595000000000001,-1,-1.0,-1,-1,-1,-3,-3.0,-3.0
10.0,17,0.3333333333333333,0.9185185185185184,-0.6082644628099168,128.9,99.13333333333333,111.3,98.8,Mon 11-22 11-22,N,51 (I),SMU,"W, 76-70",61,123.7,59.1,19.5,36.0,20.0,113.9,54.6,19.5,43.3,25.9,7.0,4.0,139.0,108.1625,87.425,105.70740740740742,105.9104432757325,104.8875,98.475,104.78888888888888,106.51870773854242,20211122,106.1,96.9,9.199999999999989,102.5,95.0,7.5,105.0,96.6,8.32,69.3,2.023991975541918,141.74094889790027,70.08862019914652,-1.056223813365591,143.54422340997712,10.26117217011342,143.54422340997712,-1.056223813365591,143.54422340997712,10.26117217011342,127.74905312135166,106.7,95.4,11.29,71.1,106.1,96.9,9.199999999999989,102.5,95.0,7.5,10.627479771012295,127.38790818545071,0,96.05870821584294,107.60803704294344,-11.549328827100496,-15.884576566577408,98.1174038642679,102.67892688790998,-4.561523023642081,4.416126289843898,2021-11-22,4.985348795542208,146.48283034834174,14.22848252279443,146.48283034834174,8.68,-39.68,-24.41111111111111,-48.36,-15.268888888888888,1,0,1,0,1,0,1,0,0,1,1,0,1,0,1,0,0,1,0,1,0,1,1,0,0,1,1,0,-3,0.35161929169946593,0.3174665046085702,-7.401481481481482,-7.986666666666667,-17.592222222222226,-9.92,-16.119999999999997,-1,-1.0,-1,-1,-1,-3,-3.0,-3.0
-10.5,-11,-6.466666666666664,-3.187654320987652,-2.570398196844476,109.2,103.23333333333332,120.6,109.7,Sat 11-27 11-27,H,276 (Ⅳ),Prairie View A&M,"W, 83-80",72,115.3,52.0,20.8,34.5,73.5,111.1,54.5,22.2,33.3,44.6,26.5,-13.5,136.5,108.68125,108.1625,106.87160493827162,106.5085444983266,112.74375,104.8875,110.05925925925928,109.07894269517104,20211127,105.6,98.5,7.099999999999994,94.8,102.3,-7.5,106.9,97.8,9.02,67.4,-14.94174309082321,141.4665007290327,69.22162162162164,-14.381142091854073,143.05022021771003,-13.235493018962792,143.05022021771003,-14.381142091854073,143.05022021771003,-13.235493018962792,139.86087688379837,96.6,103.3,-6.71,72.2,105.6,98.5,7.099999999999994,94.8,102.3,-7.5,-11.66853762565049,142.85199191514675,0,96.27994410239968,109.6175297210363,-13.337585618636624,-17.6482425556153,97.5398203486858,106.9598469574532,-9.420026608767401,-7.032611112205635,2021-11-27,-1.372424715723696,148.70255867801595,5.649289645042465,148.70255867801595,-20.02,-59.7,-29.500740740740742,-39.68,-30.19925925925926,0,1,1,0,0,1,1,0,1,0,1,0,0,1,1,0,1,0,1,0,1,0,1,0,1,0,1,0,3,0.900728603156669,0.551996498469474,-12.20765432098765,-15.486666666666665,-7.401481481481482,-11.940000000000001,-9.92,-1,-1.0,-1,-1,-1,-3,-3.0,-3.0
-9.5,3,3.066666666666672,-1.125102880658435,-1.5575985246909347,116.8,118.3,113.8,115.23333333333332,Mon 11-29 11-29,H,91 (Ⅲ),Grand Canyon,"L, 78-72",67,108.1,60.0,22.5,21.7,28.0,117.2,53.3,15.0,40.6,33.3,18.5,-3.5,131.5,112.740625,108.68125,110.18106995884776,108.37971822590356,113.271875,112.74375,111.3061728395062,109.93731675059448,20211129,106.3,100.6,5.700000000000003,103.8,98.3,5.5,107.6,99.8,7.82,67.7,-6.371190235439961,127.58570724348846,62.403413940256044,-3.793555470193752,133.90694402052887,4.585867175880605,133.90694402052887,-3.793555470193752,133.90694402052887,4.585867175880605,128.16399531825533,100.6,97.5,3.12,64.8,106.3,100.6,5.700000000000003,103.8,98.3,5.5,4.146591307494691,128.20475039758358,0,99.03584609530424,111.18536963839269,-12.14952354308845,-16.692276492375612,101.81949168902396,97.62948706591158,4.190004623112387,3.5956808210623,2021-11-29,6.82248352506889,134.23795250689253,11.027500511323858,134.23795250689253,-4.82,-64.52000000000001,-39.56716049382716,-59.7,-24.95283950617285,0,1,0,1,0,1,1,0,1,0,1,0,0,1,1,0,1,0,0,1,1,0,1,0,1,0,1,0,3,0.6305586598182363,0.25792352177234257,-8.945102880658435,-4.7533333333333285,-12.20765432098765,-10.753333333333334,-11.940000000000001,-1,-1.0,-1,-1,-1,-3,-3.0,-3.0
-5.0,3,-1.6666666666666667,0.3832647462277072,-0.6562169747471298,114.8,113.6,111.4,115.26666666666668,Sat 12-04 12-04,A,179 (Ⅲ),Long Beach St.,"W, 77-74",67,115.0,50.9,13.4,29.4,38.6,110.5,50.0,14.9,27.0,34.5,3.0,-8.0,148.0,113.7703125,112.740625,111.72071330589851,109.54704218483018,112.3359375,113.271875,111.3374485596708,110.2032591595773,20211204,106.6,102.0,4.599999999999994,95.8,107.0,-11.200000000000005,107.4,101.0,6.46,67.8,-8.377781930227485,146.27804919080103,70.01820768136557,-7.46654666893555,151.46168640613223,-5.787180753739517,151.46168640613223,-7.46654666893555,151.46168640613223,-5.787180753739517,143.34435446172296,95.3,106.3,-10.93,72.6,106.6,102.0,4.599999999999994,95.8,107.0,-11.200000000000005,-2.8205855395082557,148.6123721367258,0,99.6514961027334,110.65862757225234,-11.007131469518939,-13.540999700353764,94.48368899688047,103.71335570741245,-9.229666710531973,-10.07794196859318,2021-12-04,5.033430628133289,149.0387657957954,4.153754935009296,149.0387657957954,-3.46,-67.98,-47.88477366255144,-64.52000000000001,-20.095226337448565,0,1,0,1,1,0,1,0,1,0,1,0,1,0,1,0,1,0,0,1,1,0,1,0,1,0,1,0,3,0.7769415761393583,0.3158361704194449,-6.076735253772293,-8.126666666666667,-8.945102880658435,-9.711428571428572,-10.753333333333334,-1,-1.0,-1,-1,-1,-3,-3.0,-3.0
8.0,8,4.966666666666664,3.0888431641518044,1.0085497479341663,89.3,106.96666666666664,80.8,102.0,Tue 12-07 12-07,A,159 (Ⅲ),Tulsa,"W, 60-55",67,89.3,52.1,32.8,33.3,31.3,81.9,45.4,19.4,14.3,20.4,-18.5,3.0,133.5,101.53515625,113.7703125,104.24714220393236,105.86576178758833,96.56796875,112.3359375,101.15829903978052,104.85721203965414,20211207,106.6,103.1,3.5,103.1,101.8,1.2999999999999972,107.7,101.9,5.82,67.3,1.4305140680907158,134.6728880645827,63.37496443812235,2.466478075067016,139.7233863419491,5.567458234581483,139.7233863419491,2.466478075067016,139.7233863419491,5.567458234581483,144.74500822530408,103.0,100.9,2.08,66.2,106.6,103.1,3.5,103.1,101.8,1.2999999999999972,2.621684990854195,139.22790605498514,0,97.47057700193042,106.2699465399634,-8.799369538032977,-11.440293815321674,97.55800011810491,102.92006003255564,-5.362059914450725,-10.65926919576296,2021-12-07,5.900322437640575,132.78313510315772,2.073394816376158,132.78313510315772,2.1799999999999997,-65.80000000000001,-54.58318244170096,-67.98,-11.216817558299049,1,0,0,1,1,0,0,1,0,1,0,1,1,0,0,1,0,1,0,1,0,1,1,0,1,0,1,0,-3,0.38754848109799234,0.28707999287372954,-2.731156835848196,-0.8533333333333362,-6.076735253772293,-8.225,-9.711428571428572,-1,-1.0,-1,-1,-1,-3,-3.0,-3.0
-6.5,1,4.433333333333327,2.525895442767867,1.0797225210370438,87.1,97.06666666666666,85.7,92.63333333333333,Sat 12-11 12-11,H,78 (Ⅲ),New Mexico St.,"L, 63-58",71,81.7,39.3,19.7,22.9,33.9,88.8,48.8,36.6,41.7,58.1,-17.5,-1.5,138.5,94.317578125,101.53515625,98.53142813595493,102.45380509893587,91.133984375,96.56796875,96.00553269318702,101.37408257789885,20211211,105.0,101.8,3.200000000000003,109.2,103.0,6.200000000000003,107.0,101.0,5.97,67.5,-4.175574293102059,137.07691205827905,63.56330014224752,-2.038428722857361,143.04812784178458,-7.842116172097155,143.04812784178458,-2.038428722857361,143.04812784178458,-7.842116172097155,150.88447326176066,107.0,101.5,5.41,66.2,105.0,101.8,3.200000000000003,109.2,103.0,6.200000000000003,0.010231445547107977,140.06711199854325,0,94.69634913671996,104.00457686301236,-9.308227726292401,-12.717887515370068,102.35740199605888,101.68537347989272,0.672028516166165,4.075685700285773,2021-12-11,2.9285427138690636,132.1076781377968,8.971682705193174,132.1076781377968,-4.97,-70.77000000000001,-58.32212162780065,-65.80000000000001,-12.447878372199362,0,1,1,0,0,1,0,1,0,1,0,1,0,1,0,1,0,1,0,1,1,0,1,0,1,0,1,0,3,0.5567984968164682,0.3901573960305941,-3.4441045572321327,-1.5366666666666724,-2.731156835848196,-7.863333333333332,-8.225,-1,-1.0,-1,-1,-1,-3,-3.0,-3.0
1.5,-1,2.7666666666666657,1.1505969618452467,0.5925002444848549,88.9,88.43333333333332,90.5,85.66666666666667,Sat 12-18 12-18,A,124 (Ⅱ),Nevada,"L, 68-63",72,87.6,43.8,25.0,29.7,33.9,94.6,41.5,18.1,21.6,54.7,-17.5,6.5,148.5,91.6087890625,94.317578125,95.3209520906366,99.98947689912936,90.8169921875,91.133984375,94.17035512879136,99.39697665464448,20211218,102.1,99.9,2.1999999999999886,105.8,98.8,7.0,103.6,98.6,4.99,68.2,7.2855868685479095,144.76907843288038,69.84921763869133,7.581183855788268,147.8052298375723,10.908877807912281,147.8052298375723,7.581183855788268,147.8052298375723,10.908877807912281,145.82336053447418,107.9,98.2,9.73,72.0,102.1,99.9,2.1999999999999886,105.8,98.8,7.0,7.284862187050858,147.74903471975549,0,94.11442073880762,102.79111972648184,-8.676698987674214,-12.677551459480116,99.32914118995426,102.3441269379596,-3.014985748005344,2.6290721868981755,2021-12-18,8.105668848654986,141.99898760924077,12.549071979586735,141.99898760924077,-5.99,-76.76,-62.471414418533776,-70.77000000000001,-14.28858558146623,0,1,1,0,0,1,1,0,0,1,1,0,0,1,1,0,0,1,1,0,0,1,1,0,0,1,1,0,-3,0.26794249453351904,0.22006655352166749,-3.8394030381547535,-2.2233333333333345,-3.4441045572321327,-7.676,-7.863333333333332,-1,-1.0,-1,-1,-1,-3,-3.0,-3.0
11.5,15,4.966666666666669,5.8003979745635,3.2302274727603373,106.2,94.06666666666666,91.1,89.10000000000001,Tue 12-21 12-21,A,176 (Ⅲ),Bellarmine,"W, 71-57",61,115.9,60.8,19.6,33.3,27.5,93.1,41.5,6.5,24.4,9.2,-11.5,-2.5,139.5,98.90439453125,91.6087890625,98.94730139375775,101.11866291746946,90.95849609375,90.8169921875,93.14690341919425,97.88843544470912,20211221,100.5,98.8,1.7000000000000028,102.3,107.2,-4.900000000000006,103.6,98.6,5.01,68.2,-1.0293534324908222,135.33099849720202,63.64039829302987,-0.5344440351200603,136.2856291855411,-1.4853048594381941,136.2856291855411,-0.5344440351200603,136.2856291855411,-1.4853048594381941,131.26166869260337,104.6,106.9,-2.24,65.6,100.5,98.8,1.7000000000000028,102.3,107.2,-4.900000000000006,1.3000021011327618,134.9730838286996,0,95.12195342389288,101.71903936158849,-6.59708593769561,-11.32005678624083,98.88607075902088,106.4272757908607,-7.541205031839823,-5.366877374400009,2021-12-21,3.266433944567396,131.831411239877,5.421883401920802,131.831411239877,9.99,-66.77000000000001,-67.23427627902252,-76.76,0.46427627902251345,0,1,1,0,0,1,1,0,0,1,1,0,0,1,1,0,0,1,1,0,0,1,1,0,0,1,1,0,-3,0.5940963859982835,0.3778665017505116,0.7903979745635006,-0.043333333333331225,-3.8394030381547535,-6.07,-7.676,1,-1.0,1,-1,-1,1,-3.0,-3.0
-14.5,-5,2.566666666666672,1.9335986497090016,1.588367932258458,104.4,99.83333333333331,110.2,97.26666666666668,Thu 1-13 1-13,A,22 (I-A),San Francisco,"L, 97-73",80,91.8,54.9,26.4,10.7,45.1,122.0,59.2,15.1,34.3,23.9,29.5,9.5,140.5,101.652197265625,98.90439453125,100.76486759583852,101.71526965974772,100.579248046875,90.95849609375,98.83126894612953,100.12690172748928,20220113,104.0,101.5,2.5,109.7,94.4,15.299999999999995,106.6,101.1,5.54,67.9,11.136446190690847,141.45151769187072,66.93413940256046,13.058858141955596,143.99437155345592,7.896172382816903,143.99437155345592,13.058858141955596,143.99437155345592,7.896172382816903,127.23539503462626,110.2,94.4,15.8,69.3,104.0,101.5,2.5,109.7,94.4,15.299999999999995,12.81487709757323,134.6886275933284,0,95.74848800609746,103.35622698808464,-7.607738981987183,-11.23167417640046,103.31844283255988,95.38248660410932,7.935956228450564,9.801750621969134,2022-01-13,14.410293471791753,136.21180749196776,15.939298280591295,136.21180749196776,-10.54,-77.31,-67.07951751934836,-66.77000000000001,-10.230482480651645,1,0,1,0,1,0,1,0,0,1,1,0,1,0,1,0,0,1,0,1,1,0,0,1,1,0,0,1,3,0.182795768782416,0.08496809020518037,-3.6064013502909984,-2.973333333333328,0.7903979745635006,-6.4425,-6.07,-1,1.0,-1,-1,-1,-3,1.0,-3.0
-8.0,-12,-1.0999999999999943,-2.9109342335273296,-0.99133532815217,105.4,105.33333333333331,118.0,106.43333333333334,Sat 1-15 1-15,A,212 (Ⅲ),San Diego,"L, 70-65",63,103.2,49.1,11.1,23.5,28.1,111.1,49.0,19.0,40.6,46.2,-1.5,-3.0,136.5,103.5260986328125,101.652197265625,102.309911730559,102.38522063070268,109.2896240234375,100.579248046875,105.22084596408637,103.37655595885484,20220115,103.4,102.3,1.1000000000000083,97.2,99.0,-1.7999999999999972,106.3,101.5,4.83,68.7,-0.8288685022598656,135.10744645486346,65.57283072546231,1.8284807543595747,135.6560561286467,-0.9199084125750205,135.6560561286467,1.8284807543595747,135.6560561286467,-0.9199084125750205,118.49875058952398,98.6,100.8,-2.25,67.1,103.4,102.3,1.1000000000000083,97.2,99.0,-1.7999999999999972,-0.632509246957039,125.0820534829038,0,96.1522954842719,103.3848907005565,-7.232595216284594,-9.848618742722994,93.24709977758076,98.02932158181176,-4.782221804231,-6.808479712442537,2022-01-15,5.032591653559571,128.25949365996232,3.6766290468245586,128.25949365996232,-16.83,-94.14,-70.48967834623224,-77.31,-23.65032165376776,1,0,1,0,1,0,1,0,1,0,1,0,1,0,1,0,1,0,1,0,1,0,1,0,1,0,1,0,3,0.6124515189020077,0.31586458737174794,-7.74093423352733,-5.929999999999994,-3.6064013502909984,-7.241538461538462,-6.4425,-1,-1.0,-1,-1,-1,-3,-3.0,1.0
1.5,14,-1.399999999999996,2.792710510981781,1.7707256406027707,97.4,102.40000000000002,83.2,103.8,Mon 1-17 1-17,H,148 (Ⅳ),Portland,"W, 70-58",71,99.2,57.7,25.5,28.6,28.8,82.2,36.8,19.8,16.1,39.6,-15.5,-10.5,143.5,100.46304931640626,103.5260986328125,100.67327448703936,101.47881687966584,96.24481201171876,109.2896240234375,97.88056397605756,99.70809123906304,20220117,103.3,103.3,0.0,101.7,106.2,-4.5,106.1,101.9,4.2,68.3,-11.813154305536543,145.0488659200297,67.71706970128022,-7.396745726316297,149.09945803726708,-4.093120496250065,149.09945803726708,-7.396745726316297,149.09945803726708,-4.093120496250065,133.5345486906279,99.8,106.7,-6.93,69.7,103.3,103.3,0.0,101.7,106.2,-4.5,-9.893648745326775,147.06445078567998,0,95.80674507656693,102.0887106102326,-6.2819655336656695,-8.238596323139758,97.50906220011645,100.83505974459923,-3.3259975444827887,-7.274186044886148,2022-01-17,-1.7708407613206418,136.04102564656233,-1.0959403482218448,136.04102564656233,9.8,-84.34,-78.37311889748817,-94.14,-5.9668811025118345,1,0,0,1,0,1,0,1,0,1,0,1,0,1,0,1,0,1,1,0,0,1,1,0,0,1,1,0,-3,0.8413447460685429,0.5669646156346978,-1.4072894890182193,-5.599999999999996,-7.74093423352733,-6.024285714285715,-7.241538461538462,-1,-1.0,-1,-1,-1,-3,-3.0,-3.0
-5.0,-2,-0.3666666666666647,0.9618070073211864,0.957866433220448,104.6,102.46666666666664,107.3,102.83333333333331,Thu 1-20 1-20,H,258 (Ⅳ),Pepperdine,"W, 85-80 OT",79,108.3,52.3,20.4,40.5,31.8,101.9,52.3,22.9,31.4,29.7,16.5,-10.0,148.5,102.53152465820312,100.46304931640626,101.98218299135956,102.04630471972658,101.77240600585938,96.24481201171876,101.0203759840384,101.08843828650612,20220120,102.0,101.6,0.4000000000000057,97.2,103.9,-6.700000000000003,105.0,101.0,4.02,68.1,-12.920333131216609,143.8448781039174,69.35931721194879,-9.199845728066848,145.54145713972605,-11.09043618515881,145.54145713972605,-9.199845728066848,145.54145713972605,-11.09043618515881,134.7300155659516,96.6,105.2,-8.64,71.6,102.0,101.6,0.4000000000000057,97.2,103.9,-6.700000000000003,-8.78628103372858,138.82294315469954,0,95.6239750112011,103.02587246676266,-7.401897455561567,-9.626858849000206,92.21946092032935,103.7327321693876,-11.51327124905825,-11.810883349956196,2022-01-20,-6.832011394330635,138.0028605073822,-3.248718360931356,138.0028605073822,-6.02,-90.36,-80.36207926499212,-84.34,-9.997920735007881,0,1,0,1,1,0,0,1,0,1,0,1,1,0,0,1,0,1,0,1,1,0,0,1,1,0,0,1,3,0.8295480920359348,0.7423695077690866,-3.058192992678813,-4.386666666666664,-1.4072894890182193,-6.024,-6.024285714285715,-1,-1.0,-1,-1,-1,-3,-3.0,-3.0
-25.0,-25,-4.633333333333336,-7.825461995119211,-3.83447291827418,99.0,100.33333333333331,124.4,104.96666666666664,Sat 1-22 1-22,H,16 (I),Saint Mary's,"L, 83-51",61,84.1,39.6,21.4,25.8,33.3,136.8,61.9,11.5,37.0,16.9,7.0,7.0,127.0,100.76576232910156,102.53152465820312,100.98812199423972,101.49243113432172,113.0862030029297,101.77240600585938,108.81358398935896,105.32690405259592,20220122,101.9,102.0,-0.0999999999999943,103.9,90.5,13.400000000000006,104.6,101.6,3.01,67.6,5.102637408746695,124.72995049098071,62.3112375533428,5.254750703144204,126.6074592282693,5.914827812638632,126.6074592282693,5.254750703144204,126.6074592282693,5.914827812638632,123.06218956553194,106.0,89.7,16.32,64.8,101.9,102.0,-0.0999999999999943,103.9,90.5,13.400000000000006,3.3186992339326746,120.95235447660303,0,95.70846439725408,104.1809873557644,-8.472522958510325,-12.25216182799934,101.43955811183972,91.36015325522922,10.079404856610495,12.495443999158985,2022-01-22,8.21490953714666,123.27742876206861,13.673702514389582,123.27742876206861,-28.009999999999998,-118.37,-83.69471950999474,-90.36,-34.675280490005264,0,1,0,1,0,1,0,1,0,1,0,1,0,1,0,1,0,1,0,1,1,0,0,1,1,0,0,1,3,0.2524925375469229,0.21699789314190399,-10.83546199511921,-7.643333333333336,-3.058192992678813,-7.398125,-6.024,-1,-1.0,-1,-1,-1,-3,-3.0,-3.0
-5.5,0,-9.633333333333336,-5.4836413300794735,-3.282750569497056,106.2,103.26666666666664,107.0,112.90000000000002,Thu 1-27 1-27,A,1 (I-A),Gonzaga,"L, 89-55",65,84.3,37.3,16.9,34.8,11.9,136.4,72.7,12.3,17.4,21.8,-13.0,28.5,157.0,103.48288116455078,100.76576232910156,102.7254146628265,102.34835274626325,110.04310150146485,113.0862030029297,108.20905599290596,105.63110331576028,20220127,102.0,103.7,-1.7000000000000028,123.2,91.3,31.90000000000001,103.6,103.4,0.27,66.5,27.087090714222178,152.21216358242518,68.67567567567566,28.709058022938272,156.0472508856732,33.054054540128,156.0472508856732,28.709058022938272,156.0472508856732,33.054054540128,160.1693966669871,123.4,90.9,32.51,72.6,102.0,103.7,-1.7000000000000028,123.2,91.3,31.90000000000001,22.990355509941683,144.24246578229113,0,95.78456177499142,104.60197904633544,-8.817417271344027,-11.80710730299548,115.3506123206805,88.88289643595138,26.467715884729117,22.04134408980073,2022-01-27,29.038318824350853,145.45130993490153,25.266969656364573,145.45130993490153,-0.27,-118.64,-95.2531463399965,-118.37,-23.386853660003496,0,1,1,0,1,0,1,0,1,0,1,0,1,0,1,0,1,0,0,1,1,0,1,0,0,1,1,0,3,0.0033209427382132617,0.002841308270155607,-5.753641330079473,-9.903333333333336,-10.83546199511921,-6.978823529411764,-7.398125,-1,-1.0,-1,-1,-1,-3,-3.0,-3.0
-7.5,-11,-12.4,-7.322427553386316,-4.685886829588499,107.0,104.06666666666668,118.0,116.46666666666664,Sat 1-29 1-29,H,212 (Ⅳ),San Diego,"L, 69-65",62,104.6,51.9,16.1,20.7,24.5,111.0,58.8,14.5,22.2,29.4,2.0,-3.5,132.0,105.2414405822754,103.48288116455078,104.15027644188432,103.19410679239718,114.02155075073242,110.04310150146485,111.47270399527063,107.87999362198568,20220129,102.2,103.6,-1.3999999999999917,99.4,99.2,0.2000000000000028,103.6,103.4,0.27,66.5,-3.8522732207647223,126.43505603272783,61.770270270270274,-2.617937481093989,129.6701291833507,3.6411977597472927,129.6701291833507,-2.617937481093989,129.6701291833507,3.6411977597472927,131.09599816884412,99.2,99.5,-0.27,65.3,102.2,103.6,-1.3999999999999917,99.4,99.2,0.2000000000000028,-2.1452275186925656,121.37160212715112,0,96.32533278526503,105.2184575011074,-8.893124715842362,-11.90717390369772,95.17142087776004,99.02009060196217,-3.848669724202125,-6.314475949740913,2022-01-29,-0.45504676651657405,124.00270140338532,1.8826349470618382,124.00270140338532,-11.27,-129.91,-103.04876422666435,-118.64,-26.86123577333565,0,1,0,1,1,0,0,1,1,0,0,1,1,0,0,1,1,0,0,1,1,0,0,1,1,0,0,1,3,0.6305586598182363,0.517283865196994,-7.592427553386315,-12.67,-5.753641330079473,-7.2172222222222215,-6.978823529411764,-1,-1.0,-1,-1,-1,-3,-3.0,-3.0
-10.0,-6,-6.033333333333331,-6.9816183689242095,-4.979361951481499,96.2,103.13333333333334,102.5,109.16666666666669,Thu 2-03 2-03,A,76 (I),Santa Clara,"L, 79-60",68,88.7,44.0,11.8,10.8,19.0,116.8,59.3,17.7,23.1,31.5,-8.5,9.0,147.5,100.7207202911377,105.2414405822754,101.50018429458956,101.92245101196131,108.2607753753662,114.02155075073242,108.48180266351378,106.90181296344282,20220203,102.6,104.4,-1.8000000000000114,110.5,100.8,9.700000000000005,103.4,104.2,-0.76,66.6,12.359306016222462,148.81533197065826,67.73684210526315,12.538378114501185,152.07491302076983,14.913403932190567,152.07491302076983,12.538378114501185,152.07491302076983,14.913403932190567,149.63383640382838,111.6,100.7,10.95,71.5,102.6,104.4,-1.8000000000000114,110.5,100.8,9.700000000000005,11.601903287104031,143.79806817803552,0,95.9801965540688,105.36882319181002,-9.388626637741226,-11.82232882131257,105.1030484607327,97.61473120872436,7.488317252008329,9.45714059772337,2022-02-03,15.808824166451366,142.21754564930723,16.288242726782443,142.21754564930723,-5.24,-135.15,-112.0025094844429,-129.91,-23.14749051555711,1,0,0,1,1,0,0,1,1,0,0,1,1,0,0,1,1,0,0,1,1,0,1,0,1,0,1,0,3,0.19568296915377603,0.06608464864767016,-6.22161836892421,-5.273333333333332,-7.592427553386315,-7.113157894736842,-7.2172222222222215,-1,-1.0,-1,-1,-1,-3,-3.0,-3.0
5.5,7,-3.433333333333332,-2.321078912616141,-2.8012961421212266,115.3,106.16666666666669,108.3,109.6,Sat 2-05 2-05,A,16 (I-A),Saint Mary's,"L, 71-60",60,100.1,50.0,18.4,28.1,16.4,118.5,60.2,20.0,28.6,40.9,2.5,16.5,128.5,108.01036014556884,100.7207202911377,106.10012286305972,104.35473264615018,108.2803876876831,108.2607753753662,108.42120177567584,107.1560287882714,20220205,102.3,104.5,-2.200000000000003,108.7,91.7,17.0,102.9,104.6,-1.75,66.4,16.68345659463195,124.41500657894501,60.26059743954482,15.855385436511447,128.8547540699515,26.469738479607926,128.8547540699515,15.855385436511447,128.8547540699515,26.469738479607926,136.4742041450617,109.4,89.8,19.6,63.8,102.3,104.5,-2.200000000000003,108.7,91.7,17.0,18.242179622696124,125.54032042430025,0,96.5806688456354,105.78157972986725,-9.200910884231845,-11.816885166129982,103.52838102909088,93.5727198978717,9.955661131219173,11.67869653941366,2022-02-05,15.327499124141987,124.18804547197854,15.844708809875499,124.18804547197854,8.75,-126.4,-119.71833965629527,-135.15,-6.681660343704735,0,1,0,1,1,0,1,0,0,1,1,0,1,0,1,0,0,1,1,0,1,0,0,1,1,0,0,1,3,0.05804156686932749,0.0721777723432141,-0.5710789126161409,-1.6833333333333318,-6.22161836892421,-6.32,-7.113157894736842,-1,-1.0,-1,-1,-1,-3,-3.0,-3.0
6.0,11,4.0,2.219280724922572,-0.2374241162810038,130.1,113.86666666666667,118.8,109.86666666666667,Thu 2-10 2-10,H,70 (Ⅱ),BYU,"L, 83-82 OT",66,124.3,64.5,15.2,29.0,9.7,125.8,61.0,13.6,31.0,25.4,26.0,7.0,139.0,119.05518007278442,108.01036014556884,114.10008190870649,109.03569034685016,113.54019384384156,108.2803876876831,111.8808011837839,109.27311446313112,20220210,103.2,105.3,-2.0999999999999943,106.9,95.4,11.5,103.4,105.4,-2.01,66.2,7.281797552794416,136.55445799598655,65.06998577524894,5.477147345543784,140.58983409730277,-0.1878271559647853,140.58983409730277,5.477147345543784,140.58983409730277,-0.1878271559647853,136.43319470443151,108.4,93.9,14.57,69.1,103.2,105.3,-2.0999999999999943,106.9,95.4,11.5,2.6954028553825666,135.06385496720628,0,98.30568461167503,106.1997800702394,-7.894095458564365,-10.150804877123976,100.90134889835744,97.55500139432772,3.3463475040297226,2.52408181394618,2022-02-10,3.7181792569963648,135.3304037607839,6.495065271773875,135.3304037607839,13.01,-113.39,-121.94555977086353,-126.4,8.555559770863525,0,1,0,1,1,0,1,0,1,0,1,0,1,0,1,0,1,0,0,1,1,0,0,1,1,0,0,1,3,0.2524925375469229,0.36162735843588356,4.229280724922572,6.01,-0.5710789126161409,-5.399523809523809,-6.32,1,-1.0,1,-1,-1,1,-3.0,-3.0
-12.0,-14,1.1999999999999982,-3.4204795167182858,-2.8669833678662764,111.5,118.96666666666664,126.2,117.76666666666668,Sat 2-12 2-12,A,148 (Ⅲ),Portland,"L, 86-76",68,112.2,56.5,17.7,18.8,38.9,127.0,76.1,17.7,10.0,43.5,23.0,-2.0,139.0,115.2775900363922,119.05518007278442,113.23338793913766,109.48374664742283,119.87009692192078,113.54019384384156,116.65386745585594,112.35073001528907,20220212,105.0,106.4,-1.4000000000000057,100.1,102.2,-2.1000000000000085,105.0,106.8,-1.8,65.6,3.034709855209755,137.29256588237996,64.66685633001423,3.4382198607404604,141.84836853507488,7.392808865574438,141.84836853507488,3.4382198607404604,141.84836853507488,7.392808865574438,139.50870428553043,99.3,102.2,-2.88,69.3,105.0,106.4,-1.4000000000000057,100.1,102.2,-2.1000000000000085,8.009589887282786,136.0198662950794,0,98.69684328995366,106.7120754903171,-8.015232200363442,-9.482085300827915,97.8784994789247,99.49197208211972,-1.6134726031950208,-4.421361863628255,2022-02-12,7.912453164523555,134.56649159840666,4.95740982079505,134.56649159840666,-12.2,-125.59,-119.09370651390903,-113.39,-6.496293486090977,1,0,0,1,1,0,1,0,1,0,1,0,1,0,1,0,1,0,1,0,1,0,0,1,1,0,0,1,3,0.5755320005597261,0.22555464256438107,-1.6204795167182857,2.9999999999999982,4.229280724922572,-5.708636363636364,-5.399523809523809,-1,1.0,-1,-1,-1,-3,1.0,-3.0
1.5,2,-0.3000000000000019,-1.4469863444788575,-1.891168210072408,111.1,117.56666666666666,108.6,117.86666666666666,Thu 2-17 2-17,H,76 (Ⅱ),Santa Clara,"L, 84-80",72,110.4,53.6,15.2,21.2,46.4,115.9,60.7,16.6,16.0,32.1,18.0,5.5,146.0,113.1887950181961,115.2775900363922,112.52225862609178,109.77761089334597,114.2350484609604,119.87009692192078,113.96924497057064,111.66877910341834,20220217,105.2,107.5,-2.299999999999997,110.4,100.5,9.900000000000006,105.4,107.8,-2.43,65.5,5.034413831102924,148.81905076829787,66.33854907539119,4.53765992814489,152.3761095101193,6.481485690676046,152.3761095101193,4.53765992814489,152.3761095101193,6.481485690676046,152.37966238411948,111.2,100.5,10.66,71.2,105.2,107.5,-2.299999999999997,110.4,100.5,9.900000000000006,6.08922074261611,150.27856368646763,0,99.26770738173538,106.36288251298204,-7.095175131246663,-8.673614647367469,104.95043467748523,97.639434751153,7.310999926332229,8.483047324239816,2022-02-17,6.029625449093402,141.56068893410173,9.525771121983176,141.56068893410173,4.43,-121.16,-121.25913767593936,-125.59,0.09913767593936029,1,0,1,0,1,0,1,0,0,1,1,0,1,0,1,0,0,1,1,0,0,1,0,1,0,1,0,1,-3,0.30020551430745246,0.282899304916315,0.9830136555211426,2.129999999999998,-1.6204795167182857,-5.267826086956521,-5.708636363636364,1,-1.0,1,-1,-1,1,-3.0,1.0
0.0,-6,-6.066666666666667,-2.964657562985905,-2.638228535513788,100.1,107.56666666666666,106.1,113.63333333333333,Sat 2-19 2-19,A,270 (Ⅳ),Pacific,"L, 69-68",68,99.6,51.8,17.6,24.2,28.6,101.0,52.9,20.5,20.7,41.2,2.5,1.0,134.5,106.64439750909804,113.1887950181961,108.38150575072784,108.01804527637395,110.16752423048018,114.2350484609604,111.34616331371376,110.65627381188771,20220219,105.9,108.1,-2.1999999999999886,94.7,102.3,-7.599999999999994,105.8,108.1,-2.31,65.7,-0.8391241029091532,133.33957341377368,63.4570412517781,-0.04324068697793848,137.15411100912513,-0.25246029794927327,137.15411100912513,-0.04324068697793848,137.15411100912513,-0.25246029794927327,138.5374526592073,94.4,103.3,-8.87,67.9,105.9,108.1,-2.1999999999999886,94.7,102.3,-7.599999999999994,2.2579385782995023,134.94615487706787,0,99.01693997181162,105.98660470976108,-6.969664737949458,-8.474132524125315,92.01471078930776,101.28562588594164,-9.270915096633885,-6.633039864533781,2022-02-19,1.8051603555376872,128.81326976747158,2.810888178925147,128.81326976747158,-3.69,-124.85,-121.22609178395959,-121.16,-3.6239082160404053,1,0,0,1,1,0,1,0,1,0,1,0,1,0,1,0,1,0,1,0,1,0,0,1,1,0,0,1,3,0.46206285593374585,0.4317501981697178,-0.6546575629859048,-3.7566666666666673,0.9830136555211426,-5.2020833333333325,-5.267826086956521,-1,1.0,-1,-1,-1,-3,1.0,-3.0
-7.5,-18,-7.333333333333333,-8.143105041990603,-5.5221869836021895,96.4,102.53333333333336,114.9,109.86666666666667,Thu 2-24 2-24,A,70 (I),BYU,"L, 79-59",64,91.6,45.9,14.0,11.8,42.9,122.6,59.8,15.5,32.1,9.8,-4.0,12.5,142.0,101.52219875454902,106.64439750909804,104.38767050048526,105.90567340794232,112.5337621152401,110.16752423048018,112.53077554247584,111.4278603915445,20220224,106.3,108.9,-2.6000000000000085,109.4,99.5,9.900000000000006,106.2,108.8,-2.57,65.8,14.91998952890296,143.56940154542215,64.02162162162163,12.92057124335011,148.02211025251663,3.7829265600646735,148.02211025251663,12.92057124335011,148.02211025251663,3.7829265600646735,153.59768475682807,111.2,97.8,13.43,68.4,106.3,108.9,-2.6000000000000085,109.4,99.5,9.900000000000006,8.994146247468224,147.67345668745554,0,99.0253886227193,106.0401086195116,-7.014719996792294,-8.537237615086008,101.44851788353218,98.51694509538696,2.9315727881452176,4.234776818942322,2022-02-24,10.356536517496025,134.96898884929806,9.930893087419356,134.96898884929806,-15.43,-140.28,-122.43406118930639,-124.85,-17.84593881069361,1,0,0,1,1,0,0,1,0,1,0,1,1,0,0,1,0,1,0,1,0,1,1,0,0,1,1,0,-3,0.11692964134637251,0.16198393079992135,-5.573105041990603,-4.763333333333334,-0.6546575629859048,-5.6112,-5.2020833333333325,-1,-1.0,-1,-1,-1,-3,-3.0,1.0
7.5,0,-8.133333333333335,-5.395403361327071,-4.4999711684017925,126.3,107.6,126.2,115.73333333333332,Sat 2-26 2-26,H,270 (Ⅳ),Pacific,"W, 90-77",68,132.7,66.7,10.3,17.9,29.8,113.5,51.6,7.4,18.9,25.4,30.5,-5.5,136.5,113.91109937727452,101.52219875454902,111.69178033365684,109.61373278831644,119.36688105762003,112.5337621152401,117.0871836949839,114.1137039567182,20220226,106.0,109.3,-3.299999999999997,96.0,104.2,-8.200000000000003,106.1,108.9,-2.85,65.8,-8.699589628398797,137.51733256251615,64.02162162162163,-7.59131892465544,141.61925999552082,-8.891517909038965,141.61925999552082,-7.59131892465544,141.61925999552082,-8.891517909038965,141.78508010474167,95.5,105.2,-9.62,68.4,106.0,109.3,-3.299999999999997,96.0,104.2,-8.200000000000003,-3.948016432450649,139.32487831001666,0,98.4055286546294,105.57083551195852,-7.165306857329114,-8.83710014542098,91.20711201174224,100.28871525406493,-9.081603242322686,-6.378195901351825,2022-02-26,-5.164387266061482,128.15631658259423,-0.08199992453802452,128.15631658259423,2.85,-137.43,-128.3827074595376,-140.28,-9.047292540462394,1,0,1,0,1,0,1,0,1,0,1,0,1,0,1,0,1,0,1,0,0,1,0,1,0,1,0,1,-3,0.6997944856925475,0.6885860361630901,-2.5454033613270712,-5.283333333333335,-5.573105041990603,-5.285769230769231,-5.6112,-1,-1.0,-1,-1,-1,-3,-3.0,-3.0
15.5,7,-3.500000000000005,-0.9636022408847178,-2.245430955965104,112.8,111.83333333333331,104.9,115.33333333333331,Thu 3-03 3-03,N,270 (Ⅳ),Pacific,"W, 86-66",72,120.2,62.5,11.2,9.7,25.0,92.2,54.1,23.8,15.4,38.8,12.0,-4.5,140.0,113.35554968863724,113.91109937727452,112.06118688910456,110.19305409953162,112.13344052881004,119.36688105762003,113.02478912998929,112.43848505549671,20220303,107.0,110.2,-3.200000000000003,96.6,104.9,-8.300000000000011,106.8,109.3,-2.52,65.9,-5.153880605507311,139.23758192819685,64.2126600284495,-3.814508050076796,144.0841506478985,-3.4727012172669376,144.0841506478985,-3.814508050076796,144.0841506478985,-3.4727012172669376,149.72690935521788,96.0,105.8,-9.79,68.5,107.0,110.2,-3.200000000000003,96.6,104.9,-8.300000000000011,-3.339416858137834,144.38588791002647,0,98.29444070462714,105.77045149649734,-7.476010791870209,-9.269782975950887,91.20829900011184,100.2947882558316,-9.08648925571977,-6.512808014905739,2022-03-03,-1.3919624098560988,128.50897682149204,1.7703269588053985,128.50897682149204,9.52,-127.91000000000001,-131.39847163969176,-137.43,3.4884716396917526,1,0,0,1,0,1,1,0,0,1,1,0,0,1,1,0,0,1,1,0,0,1,0,1,0,1,0,1,-3,0.6658824291023754,0.552732419461806,1.5563977591152822,-0.9800000000000049,-2.5454033613270712,-4.7374074074074075,-5.285769230769231,1,-1.0,1,-1,-1,1,-3.0,-3.0
-13.5,-19,-3.9666666666666734,-7.27573482725648,-5.455352600335086,92.0,110.36666666666667,111.9,114.33333333333331,Fri 3-04 3-04,N,70 (Ⅱ),BYU,"L, 85-60",70,85.5,44.3,15.7,10.8,39.6,121.1,58.5,17.1,34.4,37.3,2.5,11.5,142.5,102.67777484431863,113.35554968863724,105.3741245927364,106.88522608143496,112.01672026440502,112.13344052881004,112.64985941999286,112.34057868177004,20220304,107.0,110.1,-3.0999999999999943,109.4,98.9,10.5,106.7,109.0,-2.3,66.1,10.867695773338141,142.88803052546655,64.03143669985775,9.609972196485558,148.66757868183973,8.921871126417102,148.66757868183973,9.609972196485558,148.66757868183973,8.921871126417102,155.94732686772076,110.7,97.1,13.61,68.1,107.0,110.1,-3.0999999999999943,109.4,98.9,10.5,4.895024047681365,148.2645258301895,0,98.33799219346042,105.69307956078114,-7.355087367320721,-9.150189275612972,101.76163195186646,98.33097761970102,3.430654332165446,6.351257953828359,2022-03-04,7.1342161355094476,134.19934301547858,9.925799370281588,134.19934301547858,-16.7,-144.61,-130.23564775979452,-127.91000000000001,-14.374352240205496,0,1,1,0,0,1,1,0,0,1,1,0,0,1,1,0,0,1,1,0,0,1,0,1,0,1,0,1,-3,0.13670617005697383,0.24842665648919648,-4.97573482725648,-1.6666666666666736,1.5563977591152822,-5.164642857142857,-4.7374074074074075,-1,1.0,-1,-1,-1,-3,1.0,-3.0
