,Tm_,tm_code_,season_,pace,tm_defensive_rating,tm_margin_net_eff,tm_mod_AdjD,tm_mod_AdjO,tm_mod_net_eff,tm_net_eff,tm_offensive_rating,Date_zero
0,Abilene Christian,0.0,2025,66.1136937196553,105.10317729260262,-1.5189807338203274,105.10317729260262,103.60446981668412,-1.4987074759185262,-1.4987074759185262,103.60446981668412,12/27/2025
1,Air Force,1.0,2025,65.27023803595024,109.6158843835676,-12.459042566544888,109.6158843835676,98.19406355742103,-11.42182082614658,-11.42182082614658,98.19406355742103,12/27/2025
2,Akron,2.0,2025,72.67128573070164,109.74204554003215,19.18911740845673,109.74204554003215,124.02800428049383,14.28595874046166,14.28595874046166,124.02800428049383,12/27/2025
3,Alabama,3.0,2025,74.2362809821723,100.48523361278914,28.03788513833663,100.48523361278914,128.4875779299382,28.002344317149035,28.002344317149035,128.4875779299382,12/27/2025
4,Alabama A&M,4.0,2025,65.87075853000894,111.26412067424147,-10.745095155137157,111.26412067424147,99.57261605515342,-11.69150461908804,-11.69150461908804,99.57261605515342,12/27/2025
5,Alabama St.,5.0,2025,68.87217161772716,115.13876489451413,-7.4321266020359005,115.13876489451413,106.17765509047182,-8.96110980404234,-8.96110980404234,106.17765509047182,12/27/2025
6,Albany,6.0,2025,68.41279934407373,113.44873868086484,-10.927032629295896,113.44873868086484,103.29317134013614,-10.155567340728737,-10.155567340728737,103.29317134013614,12/27/2025
7,Alcorn St.,7.0,2025,71.80314160788771,115.96996969254289,-18.984063367297196,115.96996969254289,99.27633126716924,-16.69363842537365,-16.69363842537365,99.27633126716924,12/27/2025
8,American,8.0,2025,69.54269270068158,111.48927612848513,-6.628027323528574,111.48927612848513,105.66428741113941,-5.824988717345722,-5.824988717345722,105.66428741113941,12/27/2025
9,Appalachian St.,9.0,2025,63.76130043613339,107.63845124359672,-6.66534059855143,107.63845124359672,102.51040791865331,-5.1280433249434045,-5.1280433249434045,102.51040791865331,12/27/2025
10,Arizona,10.0,2025,71.93536247678064,91.30963567297272,33.53486905208519,91.30963567297272,121.4210575017677,30.11142182879496,30.11142182879496,121.4210575017677,12/27/2025
11,Arizona St.,11.0,2025,69.78878459771487,104.655830055754,10.592937270829482,104.655830055754,114.7770704688931,10.121240413139082,10.121240413139082,114.7770704688931,12/27/2025
12,Arkansas,12.0,2025,72.0849334833986,99.73896955525049,23.622137281468934,99.73896955525049,122.27095455633071,22.53198500108028,22.53198500108028,122.27095455633071,12/27/2025
13,Arkansas St.,14.0,2025,73.11076756228847,109.08669422578625,2.7237036566272206,109.08669422578625,111.08097648655016,1.994282260763908,1.994282260763908,111.08097648655016,12/27/2025
14,Arkansas Pine Bluff,13.0,2025,73.4852492089749,112.7213816899646,-7.309713908488583,112.7213816899646,102.42911493823316,-10.292266751731466,-10.292266751731466,102.42911493823316,12/27/2025
15,Army,15.0,2025,67.72577005046465,113.98188420443232,-13.975459706321468,113.98188420443232,100.38785083483552,-13.594033369596858,-13.594033369596858,100.38785083483552,12/27/2025
16,Auburn,16.0,2025,69.31037520637366,106.04395236698272,13.542108621902926,106.04395236698272,122.17178646065862,16.127834093675876,16.127834093675876,122.17178646065862,12/27/2025
17,Austin Peay,17.0,2025,69.44999518251443,98.30484671330919,8.504117637234181,98.30484671330919,102.1869414022629,3.882094688953708,3.882094688953708,102.1869414022629,12/27/2025
18,Ball St.,19.0,2025,65.90915995570076,109.23244825236604,-17.806068485497324,109.23244825236604,95.97758237044933,-13.254865881916732,-13.254865881916732,95.97758237044933,12/27/2025
19,Baylor,20.0,2025,70.82613540540282,107.99127302638904,19.114074930219306,107.99127302638904,125.75418228763336,17.762909261244335,17.762909261244335,125.75418228763336,12/27/2025
20,Belmont,22.0,2025,70.91823567540305,102.33667177361039,18.147446936487135,102.33667177361039,114.51820264580272,12.181530872192306,12.181530872192306,114.51820264580272,12/27/2025
21,Bellarmine,21.0,2025,66.57004859400524,117.31610693894226,-2.773402192583667,117.31610693894226,110.14646274251963,-7.1696441964226585,-7.1696441964226585,110.14646274251963,12/27/2025
22,Bethune Cookman,23.0,2025,68.16085318800882,111.83481240708629,-11.8428964426288,111.83481240708629,104.22205078084026,-7.612761626246051,-7.612761626246051,104.22205078084026,12/27/2025
23,Binghamton,24.0,2025,67.7653118157075,123.83515366192711,-34.28296088638562,123.83515366192711,95.74679772401998,-28.088355937907195,-28.088355937907195,95.74679772401998,12/27/2025
24,Boise St.,25.0,2025,67.57090431312807,96.01498751451624,18.99696770352723,96.01498751451624,112.7657148889666,16.75072737445037,16.75072737445037,112.7657148889666,12/27/2025
25,Boston College,26.0,2025,66.38838235805657,100.68185026169888,-3.7959135341329286,100.68185026169888,100.12122382943615,-0.5606264322627643,-0.5606264322627643,100.12122382943615,12/27/2025
26,Boston University,27.0,2025,63.93621334545996,121.73483685129506,-15.86549849543709,121.73483685129506,109.16009922446577,-12.574737626829346,-12.574737626829346,109.16009922446577,12/27/2025
27,Bowling Green,28.0,2025,68.75647123634337,95.96745816544683,18.022626739257994,95.96745816544683,107.02654158592796,11.059083420481114,11.059083420481114,107.02654158592796,12/27/2025
28,Bradley,29.0,2025,68.97968332603175,101.71070230211771,4.762364862451176,101.71070230211771,106.53584747549162,4.825145173373917,4.825145173373917,106.53584747549162,12/27/2025
29,BYU,18.0,2025,71.10228895395393,96.79921879941352,26.56127543751252,96.79921879941352,121.74517135273835,24.94595255332484,24.94595255332484,121.74517135273835,12/27/2025
30,Brown,30.0,2025,67.05706427002467,103.78296620167703,-6.805464385608185,103.78296620167703,96.74586234396803,-7.037103857709008,-7.037103857709008,96.74586234396803,12/27/2025
31,Bryant,31.0,2025,65.98211319329995,111.53206882811799,-18.324873475141437,111.53206882811799,95.78765352923583,-15.74441529888217,-15.74441529888217,95.78765352923583,12/27/2025
32,Bucknell,32.0,2025,67.90437466866729,109.02362050393366,-14.463453856864396,109.02362050393366,98.59610214484863,-10.427518359085061,-10.427518359085061,98.59610214484863,12/27/2025
33,Buffalo,33.0,2025,66.85129523041726,112.29598264599935,3.675283716090788,112.29598264599935,112.64150216555167,0.3455195195523146,0.3455195195523146,112.64150216555167,12/27/2025
34,Butler,34.0,2025,70.60058695700894,99.6701362986543,21.567461058745607,99.6701362986543,116.91083384241905,17.240697543764746,17.240697543764746,116.91083384241905,12/27/2025
35,Cal Poly,36.0,2025,76.00036574478257,108.43682230057115,-2.138057382872006,108.43682230057115,105.1340813163825,-3.3027409841886612,-3.3027409841886612,105.1340813163825,12/27/2025
36,Cal St. Fullerton,38.0,2025,75.35404731083068,110.07834357373858,4.5946904666754085,110.07834357373858,107.65943658696065,-2.4189069867779374,-2.4189069867779374,107.65943658696065,12/27/2025
37,Cal St. Bakersfield,37.0,2025,70.24739224235125,111.32898914314057,-13.9795288950721,111.32898914314057,100.52761039543819,-10.80137874770241,-10.80137874770241,100.52761039543819,12/27/2025
38,Cal Baptist,35.0,2025,67.76398491637073,101.80820579702524,6.664269894753151,101.80820579702524,107.85760618291187,6.049400385886627,6.049400385886627,107.85760618291187,12/27/2025
39,California,40.0,2025,68.29055521055939,98.87139559692467,17.445919081292182,98.87139559692467,112.74657010894357,13.875174512018889,13.875174512018889,112.74657010894357,12/27/2025
40,Campbell,41.0,2025,71.4031844929061,111.72681605061602,-9.913487524036794,111.72681605061602,104.4566745937752,-7.270141456840809,-7.270141456840809,104.4566745937752,12/27/2025
41,Canisius,42.0,2025,64.60152061593767,111.88341517284378,-21.372427733755355,111.88341517284378,93.8534872439751,-18.029927928868663,-18.029927928868663,93.8534872439751,12/27/2025
42,Central Arkansas,43.0,2025,69.99379628983614,103.19866381820037,6.611317870427176,103.19866381820037,102.16827851890875,-1.030385299291627,-1.030385299291627,102.16827851890875,12/27/2025
43,Central Connecticut,44.0,2025,66.93171931434343,112.78078843688024,-10.766604279205573,112.78078843688024,101.78320340004717,-10.997585036833103,-10.997585036833103,101.78320340004717,12/27/2025
44,UCF,316.0,2025,70.09140853060077,104.11658040071649,20.477445157151397,104.11658040071649,119.44211496192744,15.325534561210958,15.325534561210958,119.44211496192744,12/27/2025
45,Central Michigan,45.0,2025,66.43851725323371,117.14111609394497,-20.82258424134038,117.14111609394497,102.6998267126805,-14.441289381264486,-14.441289381264486,102.6998267126805,12/27/2025
46,Charleston,46.0,2025,67.8930935437179,110.44727731236932,-4.780991991424738,110.44727731236932,107.05533024259348,-3.3919470697758607,-3.3919470697758607,107.05533024259348,12/27/2025
47,Charleston Southern,47.0,2025,71.48217280170323,108.50851563053304,0.17140549437941194,108.50851563053304,104.38542246502847,-4.123093165504585,-4.123093165504585,104.38542246502847,12/27/2025
48,Charlotte,48.0,2025,63.83551642110126,109.90211596698352,1.9948550764431925,109.90211596698352,109.9653802917976,0.06326432481407673,0.06326432481407673,109.9653802917976,12/27/2025
49,Chattanooga,49.0,2025,65.7691829863826,114.37752739987535,-16.880253341922295,114.37752739987535,104.82073111169808,-9.55679628817729,-9.55679628817729,104.82073111169808,12/27/2025
50,Chicago St.,50.0,2025,68.80622199336037,115.02076877120052,-11.148959055856183,115.02076877120052,100.73680569969486,-14.283963071505685,-14.283963071505685,100.73680569969486,12/27/2025
51,Cincinnati,51.0,2025,71.1270028702204,93.08503402026044,3.6445959086202073,93.08503402026044,101.77111538404841,8.686081363787956,8.686081363787956,101.77111538404841,12/27/2025
52,Clemson,52.0,2025,65.7111858963851,97.5604300918889,21.083853909367328,97.5604300918889,118.55941779745721,20.998987705568304,20.998987705568304,118.55941779745721,12/27/2025
53,Cleveland St.,53.0,2025,70.20072980112285,120.94984955462832,-21.394950560947805,120.94984955462832,103.9452292972316,-17.004620257396713,-17.004620257396713,103.9452292972316,12/27/2025
54,Coastal Carolina,54.0,2025,70.7066796985548,102.35623214930914,-4.479016912166122,102.35623214930914,97.01132942631716,-5.344902722991962,-5.344902722991962,97.01132942631716,12/27/2025
55,Colgate,55.0,2025,67.19705131899764,107.70845908298718,6.16182631265729,107.70845908298718,111.06494810079985,3.3564890178126676,3.3564890178126676,111.06494810079985,12/27/2025
56,Colorado,56.0,2025,69.68534001382848,107.43417437528313,10.541702029379392,107.43417437528313,118.36224402802897,10.928069652745778,10.928069652745778,118.36224402802897,12/27/2025
57,Colorado St.,57.0,2025,63.4780909178592,110.91909790141548,13.210148156253291,110.91909790141548,122.07527418161446,11.156176280199,11.156176280199,122.07527418161446,12/27/2025
58,Columbia,58.0,2025,67.82374885467948,103.605971867603,12.005038182077433,103.605971867603,109.94447488375536,6.338503016152336,6.338503016152336,109.94447488375536,12/27/2025
59,Connecticut,59.0,2025,66.32412428596892,89.89325891605748,29.671776571286678,89.89325891605748,119.81139629976825,29.918137383710704,29.918137383710704,119.81139629976825,12/27/2025
60,Coppin St.,60.0,2025,70.11654868662146,122.84114765534508,-38.78657240251386,122.84114765534508,91.04476963489341,-31.796378020451684,-31.796378020451684,91.04476963489341,12/27/2025
61,Cornell,61.0,2025,72.52778057961822,115.98760545565558,0.9249608223849524,115.98760545565558,116.1286123438759,0.14100688822029056,0.14100688822029056,116.1286123438759,12/27/2025
62,Creighton,62.0,2025,67.32778553477381,99.7214385367931,14.097084031118026,99.7214385367931,114.1829827349273,14.461544198134174,14.461544198134174,114.1829827349273,12/27/2025
63,Cal St. Northridge,39.0,2025,69.0,100.0,0.0,100.0,100.0,0.0,0.0,100.0,12/27/2025
64,Dartmouth,63.0,2025,70.90009410620571,110.41534211851199,-7.627544927225658,110.41534211851199,102.80802908407568,-7.6073130344363165,-7.6073130344363165,102.80802908407568,12/27/2025
65,Davidson,64.0,2025,66.42240873838749,104.26671844524927,9.026888234348196,104.26671844524927,111.96799333186853,7.701274886619265,7.701274886619265,111.96799333186853,12/27/2025
66,Dayton,65.0,2025,69.27441172670248,98.97208956625951,9.030662626227569,98.97208956625951,111.42694058548176,12.454851019222245,12.454851019222245,111.42694058548176,12/27/2025
67,Delaware,67.0,2025,65.28527989353019,111.01846471357658,-7.676387742537408,111.01846471357658,103.85290147488217,-7.1655632386944275,-7.1655632386944275,103.85290147488217,12/27/2025
68,Delaware St.,68.0,2025,67.61256402783694,111.22438160229513,-24.91444380768296,111.22438160229513,87.72212363712251,-23.50225796517262,-23.50225796517262,87.72212363712251,12/27/2025
69,Denver,69.0,2025,69.08639848093063,119.65006578240101,-1.9490589211562097,119.65006578240101,114.34067042101111,-5.309395361389911,-5.309395361389911,114.34067042101111,12/27/2025
70,DePaul,66.0,2025,68.66982792312066,100.82829009518768,1.5864034034980738,100.82829009518768,104.74798187551688,3.91969178032918,3.91969178032918,104.74798187551688,12/27/2025
71,Detroit Mercy,70.0,2025,69.21838160184483,112.58525264336915,-7.8925635748910725,112.58525264336915,105.06130508696813,-7.523947556401028,-7.523947556401028,105.06130508696813,12/27/2025
72,Drake,71.0,2025,66.38481891450644,110.0311820394465,3.229094751433675,110.0311820394465,110.57632181258892,0.545139773142406,0.545139773142406,110.57632181258892,12/27/2025
73,Drexel,72.0,2025,66.44707149950193,112.12738883417026,-13.584235547582793,112.12738883417026,102.96094006232343,-9.166448771846836,-9.166448771846836,102.96094006232343,12/27/2025
74,Duke,73.0,2025,69.65968464197249,91.5338795814056,31.9073439185536,91.5338795814056,122.06221486800975,30.52833528660414,30.52833528660414,122.06221486800975,12/27/2025
75,Duquesne,74.0,2025,72.89694713931848,107.14608743911363,2.9839361505651167,107.14608743911363,110.65478546105221,3.5086980219385806,3.5086980219385806,110.65478546105221,12/27/2025
76,East Carolina,75.0,2025,70.61470169244812,107.83166014844079,-18.025099407759686,107.83166014844079,97.07091483379766,-10.760745314643152,-10.760745314643152,97.07091483379766,12/27/2025
77,East Tennessee St.,76.0,2025,67.71058652108968,109.11620034631318,3.7324990425470688,109.11620034631318,110.38503931868676,1.2688389723735805,1.2688389723735805,110.38503931868676,12/27/2025
78,Eastern Illinois,77.0,2025,66.35907903539469,111.25157940880939,-10.360915599258599,111.25157940880939,98.31618286558043,-12.93539654322895,-12.93539654322895,98.31618286558043,12/27/2025
79,Eastern Kentucky,78.0,2025,68.92536829639009,112.97215400777517,-12.2868319840444,112.97215400777517,103.18711937274672,-9.78503463502848,-9.78503463502848,103.18711937274672,12/27/2025
80,Eastern Michigan,79.0,2025,66.4972036933959,105.1858284206537,0.7746081052717315,105.1858284206537,102.2395489421675,-2.9462794784862485,-2.9462794784862485,102.2395489421675,12/27/2025
81,Eastern Washington,80.0,2025,69.96022370590659,115.66763266101117,-6.006634501365259,115.66763266101117,110.21863365561114,-5.448999005400049,-5.448999005400049,110.21863365561114,12/27/2025
82,Elon,81.0,2025,67.79993383511001,112.84574062166885,10.5826203801983,112.84574062166885,118.43997285402804,5.594232232359177,5.594232232359177,118.43997285402804,12/27/2025
83,Evansville,82.0,2025,68.93238106563297,108.01776691162434,-9.139906307545608,108.01776691162434,100.47083801432963,-7.546928897294709,-7.546928897294709,100.47083801432963,12/27/2025
84,Fairfield,84.0,2025,68.45783248506582,111.94521522312799,-7.310880520194306,111.94521522312799,104.73129196688245,-7.2139232562455495,-7.2139232562455495,104.73129196688245,12/27/2025
85,Fairleigh Dickinson,85.0,2025,67.7739051785937,120.30325851360998,-25.026134384360734,120.30325851360998,99.67595130188624,-20.627307211723732,-20.627307211723732,99.67595130188624,12/27/2025
86,Florida,86.0,2025,71.04255972110992,93.6174723055463,21.33098934498751,93.6174723055463,118.2967737055929,24.679301400046562,24.679301400046562,118.2967737055929,12/27/2025
87,Florida A&M,87.0,2025,70.15641133989861,108.2073227692004,-13.779594098451323,108.2073227692004,94.67251014592821,-13.534812623272172,-13.534812623272172,94.67251014592821,12/27/2025
88,Florida Atlantic,88.0,2025,69.62001749843513,107.30244835084888,9.899444068217393,107.30244835084888,114.60825260547627,7.305804254627385,7.305804254627385,114.60825260547627,12/27/2025
89,Florida Gulf Coast,89.0,2025,70.0006325262866,111.92788985243334,-1.2978279818627354,111.92788985243334,110.10156293576514,-1.8263269166681957,-1.8263269166681957,110.10156293576514,12/27/2025
90,FIU,83.0,2025,72.30278234949581,106.54014177562449,4.329581757900952,106.54014177562449,108.01499458928534,1.474852813660846,1.474852813660846,108.01499458928534,12/27/2025
91,Florida St.,90.0,2025,74.08986429655405,102.90555823936901,1.7631316362476097,102.90555823936901,110.22859090467158,7.323032665302562,7.323032665302562,110.22859090467158,12/27/2025
92,Fordham,91.0,2025,64.57865345409773,104.04540442954946,-1.648568139721957,104.04540442954946,101.8703363824502,-2.1750680470992796,-2.1750680470992796,101.8703363824502,12/27/2025
93,Fresno St.,93.0,2025,68.86174697120097,104.37150579095635,2.793237166280033,104.37150579095635,105.17370650844063,0.8022007174842783,0.8022007174842783,105.17370650844063,12/27/2025
94,Furman,94.0,2025,68.48910526546297,105.7841395185164,1.9278735572109607,105.7841395185164,107.98407921495351,2.199939696437106,2.199939696437106,107.98407921495351,12/27/2025
95,Gardner Webb,95.0,2025,72.10814425752262,119.40040305567733,-32.30600405364369,119.40040305567733,94.03624268015155,-25.364160375525792,-25.364160375525792,94.03624268015155,12/27/2025
96,George Mason,96.0,2025,66.6579810500872,100.54108395411959,9.753279046471514,100.54108395411959,110.11256956941935,9.571485615299745,9.571485615299745,110.11256956941935,12/27/2025
97,George Washington,97.0,2025,71.65161876914443,105.16553469273913,12.676541048230765,105.16553469273913,116.52869958989753,11.363164897158391,11.363164897158391,116.52869958989753,12/27/2025
98,Georgetown,98.0,2025,68.37636762658528,106.68806255878758,-2.7313529019673,106.68806255878758,110.85727277073323,4.169210211945644,4.169210211945644,110.85727277073323,12/27/2025
99,Georgia,99.0,2025,76.52192930494098,98.09580093394034,27.94624415951213,98.09580093394034,120.49686187374118,22.401060939800818,22.401060939800818,120.49686187374118,12/27/2025
100,Georgia Southern,100.0,2025,71.93457524367223,113.52247727409109,-6.021637113512582,113.52247727409109,109.35058191085268,-4.17189536323841,-4.17189536323841,109.35058191085268,12/27/2025
101,Georgia St.,101.0,2025,69.91372708228192,109.75137405870143,-18.931178968010318,109.75137405870143,95.36729395006714,-14.384080108634327,-14.384080108634327,95.36729395006714,12/27/2025
102,Georgia Tech,102.0,2025,70.92823194811976,102.70140453436868,-3.0369576590204446,102.70140453436868,103.39469318683147,0.6932886524627812,0.6932886524627812,103.39469318683147,12/27/2025
103,Gonzaga,103.0,2025,71.7063795024765,91.03525812001926,36.47253988131599,91.03525812001926,121.71650702241507,30.681248902395765,30.681248902395765,121.71650702241507,12/27/2025
104,Grambling St.,104.0,2025,68.16537962551675,107.01279123836771,0.5887775554455663,107.01279123836771,104.52151559539092,-2.4912756429767953,-2.4912756429767953,104.52151559539092,12/27/2025
105,Grand Canyon,105.0,2025,68.30138526111568,96.88711252514932,9.882391558714497,96.88711252514932,108.02521944410984,11.138106918960474,11.138106918960474,108.02521944410984,12/27/2025
106,Green Bay,106.0,2025,65.0299153288953,114.18840990768753,-3.8940141045868817,114.18840990768753,108.52535313267667,-5.66305677501087,-5.66305677501087,108.52535313267667,12/27/2025
107,Hampton,107.0,2025,67.5325125167086,112.44908572898778,-11.017712849581809,112.44908572898778,102.5788884675555,-9.870197261432297,-9.870197261432297,102.5788884675555,12/27/2025
108,Harvard,108.0,2025,65.83358180252951,111.60931652798847,-6.634845698066672,111.60931652798847,105.63400027338447,-5.975316254604012,-5.975316254604012,105.63400027338447,12/27/2025
109,Hawaii,109.0,2025,70.00670956660296,92.32473398588773,8.307811770864786,92.32473398588773,100.47457823475845,8.149844248870748,8.149844248870748,100.47457823475845,12/27/2025
110,High Point,110.0,2025,70.72801335287161,107.96559310926813,10.905750455805983,107.96559310926813,118.68678786950207,10.721194760233912,10.721194760233912,118.68678786950207,12/27/2025
111,Hofstra,111.0,2025,67.44244793264711,104.36273938053466,12.024668204765133,104.36273938053466,111.0360115743019,6.673272193767225,6.673272193767225,111.0360115743019,12/27/2025
112,Holy Cross,112.0,2025,65.82983241675335,115.38662625455864,-17.287352790425373,115.38662625455864,99.68353211900408,-15.703094135554611,-15.703094135554611,99.68353211900408,12/27/2025
113,Houston,113.0,2025,65.21122511592765,90.73913130204411,25.25696750393589,90.73913130204411,119.28765160152531,28.548520299481236,28.548520299481236,119.28765160152531,12/27/2025
114,Houston Christian,114.0,2025,64.29092505623626,114.21551721851172,-7.877599336985293,114.21551721851172,106.25951601428704,-7.956001204224673,-7.956001204224673,106.25951601428704,12/27/2025
115,Howard,115.0,2025,69.20359927001967,107.10538085939817,-7.348224697883505,107.10538085939817,97.93155384832089,-9.173827011077307,-9.173827011077307,97.93155384832089,12/27/2025
116,Idaho,117.0,2025,66.2365130856942,106.73676814770272,4.146645465497541,106.73676814770272,109.89018328426661,3.1534151365638747,3.1534151365638747,109.89018328426661,12/27/2025
117,Idaho St.,118.0,2025,64.22321639661848,108.51871964258241,7.567452257510201,108.51871964258241,110.86875356674683,2.350033924164394,2.350033924164394,110.86875356674683,12/27/2025
118,Illinois,119.0,2025,68.19402770553285,97.53341644629582,33.19792878341021,97.53341644629582,127.50102451204438,29.967608065748607,29.967608065748607,127.50102451204438,12/27/2025
119,Illinois St.,121.0,2025,67.87888995922744,100.45441480076842,19.94853422190389,100.45441480076842,113.53423790769733,13.079823106928913,13.079823106928913,113.53423790769733,12/27/2025
120,Illinois Chicago,120.0,2025,68.05562990396963,109.22511433628395,-3.2348060739218534,109.22511433628395,107.03806772533157,-2.1870466109523816,-2.1870466109523816,107.03806772533157,12/27/2025
121,Incarnate Word,122.0,2025,66.21188444427533,112.90212432880833,4.310608130908209,112.90212432880833,113.58325416668363,0.6811298378753163,0.6811298378753163,113.58325416668363,12/27/2025
122,Indiana,123.0,2025,69.4062107152901,92.9695806110061,25.327870047375345,92.9695806110061,118.50679115721982,25.537210546213707,25.537210546213707,118.50679115721982,12/27/2025
123,IU Indy,116.0,2025,77.80959372316978,117.87438633168581,-15.864782787714747,117.87438633168581,105.66469320210247,-12.209693129583341,-12.209693129583341,105.66469320210247,12/27/2025
124,Indiana St.,124.0,2025,69.89463330333582,106.66989971293522,-6.05400839578871,106.66989971293522,102.01912398227616,-4.650775730659076,-4.650775730659076,102.01912398227616,12/27/2025
125,Iona,125.0,2025,72.47373533223515,106.86298241075565,5.019379237770094,106.86298241075565,108.44012738476088,1.5771449740052121,1.5771449740052121,108.44012738476088,12/27/2025
126,Iowa,126.0,2025,64.51190806767995,95.54232689268493,30.38346836752062,95.54232689268493,121.62575988258878,26.08343298990382,26.08343298990382,121.62575988258878,12/27/2025
127,Iowa St.,127.0,2025,70.78679239127588,93.4209198738044,35.18109933000982,93.4209198738044,123.89112785947032,30.470207985665866,30.470207985665866,123.89112785947032,12/27/2025
128,Fort Wayne,92.0,2025,69.0,100.0,0.0,100.0,100.0,0.0,0.0,100.0,12/27/2025
129,Jackson St.,128.0,2025,70.38076480334425,112.62802805439196,-26.219419541475308,112.62802805439196,93.8030432548604,-18.824984799531652,-18.824984799531652,93.8030432548604,12/27/2025
130,Jacksonville,129.0,2025,65.36207228673089,115.76326088547415,-20.612818289274692,115.76326088547415,99.84053813229917,-15.922722753174998,-15.922722753174998,99.84053813229917,12/27/2025
131,Jacksonville St.,130.0,2025,64.82227423959644,109.4050056573609,-14.249811474441493,109.4050056573609,100.04235434362977,-9.362651313731135,-9.362651313731135,100.04235434362977,12/27/2025
132,James Madison,131.0,2025,66.4805352161443,113.99311884980614,-7.455140909417038,113.99311884980614,109.84672137992646,-4.146397469879694,-4.146397469879694,109.84672137992646,12/27/2025
133,Kansas,132.0,2025,68.05274396672634,90.98510370861021,30.890023850126024,90.98510370861021,117.19243449441868,26.207330785808406,26.207330785808406,117.19243449441868,12/27/2025
134,Kansas St.,133.0,2025,73.00493159974371,103.05002699579853,17.895631187318973,103.05002699579853,118.68775013234583,15.637723136547264,15.637723136547264,118.68775013234583,12/27/2025
135,Kennesaw St.,134.0,2025,74.16453041817452,109.02703157366548,-1.304105293845205,109.02703157366548,107.87406991908213,-1.1529616545833596,-1.1529616545833596,107.87406991908213,12/27/2025
136,Kent St.,135.0,2025,73.37721723737975,108.35888707684185,4.476025610315098,108.35888707684185,112.88137617758882,4.522489100746944,4.522489100746944,112.88137617758882,12/27/2025
137,Kentucky,136.0,2025,69.35557255255134,97.81892487814973,20.61357238451091,97.81892487814973,119.246988063026,21.428063184876233,21.428063184876233,119.246988063026,12/27/2025
138,La Salle,139.0,2025,66.12517508132461,106.86936746035141,-9.344286861932234,106.86936746035141,99.87526558583328,-6.994101874518168,-6.994101874518168,99.87526558583328,12/27/2025
139,Lafayette,140.0,2025,68.00777716475878,116.88382052135682,-17.955013843881886,116.88382052135682,102.29509976786107,-14.588720753495737,-14.588720753495737,102.29509976786107,12/27/2025
140,Lamar,141.0,2025,67.24792935323705,108.17457428856493,-9.325083558182078,108.17457428856493,100.93591271482254,-7.238661573742391,-7.238661573742391,100.93591271482254,12/27/2025
141,Lehigh,143.0,2025,68.0788737023783,111.87490003039858,-15.26105479710294,111.87490003039858,98.45593549923382,-13.418964531164766,-13.418964531164766,98.45593549923382,12/27/2025
142,Liberty,144.0,2025,65.22787453743136,105.37057426005828,4.987018075619301,105.37057426005828,112.64080755420693,7.270233294148655,7.270233294148655,112.64080755420693,12/27/2025
143,Lindenwood,145.0,2025,72.97875477247925,105.96530030221064,-1.349676624932409,105.96530030221064,101.35392125288509,-4.611379049325559,-4.611379049325559,101.35392125288509,12/27/2025
144,Lipscomb,146.0,2025,71.74916081002773,103.45948135595299,11.641204116700246,103.45948135595299,107.42729561265013,3.9678142566971237,3.9678142566971237,107.42729561265013,12/27/2025
145,Little Rock,147.0,2025,66.29202967417984,117.12420598135469,-26.685217188121687,117.12420598135469,97.59779862348061,-19.526407357874056,-19.526407357874056,97.59779862348061,12/27/2025
146,LIU,137.0,2025,70.70185880415393,110.29441844701248,-3.1899832755961297,110.29441844701248,105.52827303484877,-4.766145412163716,-4.766145412163716,105.52827303484877,12/27/2025
147,Long Beach St.,148.0,2025,68.2356132580353,112.35366763362575,-5.60128733964715,112.35366763362575,104.94130322234062,-7.412364411285129,-7.412364411285129,104.94130322234062,12/27/2025
148,Longwood,149.0,2025,70.44253332382758,114.768610489826,-19.66414466379465,114.768610489826,101.22919599755727,-13.539414492268767,-13.539414492268767,101.22919599755727,12/27/2025
149,Louisiana Monroe,151.0,2025,70.6203795153678,119.7395204061346,-21.394750961327112,119.7395204061346,100.24468506095835,-19.49483534517627,-19.49483534517627,100.24468506095835,12/27/2025
150,LSU,138.0,2025,68.9555467820985,104.24258646990589,19.557312887400336,104.24258646990589,121.40622141037282,17.163634940466928,17.163634940466928,121.40622141037282,12/27/2025
151,Louisiana Tech,152.0,2025,64.07451876749434,102.71268648936548,-8.782616763346029,102.71268648936548,96.8511732603877,-5.86151322897777,-5.86151322897777,96.8511732603877,12/27/2025
152,Louisville,153.0,2025,71.64174194180613,95.69117615470104,29.706921088026686,95.69117615470104,124.42139079945264,28.730214644751616,28.730214644751616,124.42139079945264,12/27/2025
153,Loyola Marymount,156.0,2025,68.06417595981016,98.42101019674051,5.589018301319908,98.42101019674051,102.04800051647096,3.626990319730445,3.626990319730445,102.04800051647096,12/27/2025
154,Loyola Chicago,154.0,2025,66.47224876276367,120.46874572594925,-26.27799175944556,120.46874572594925,104.81663870376696,-15.6521070221823,-15.6521070221823,104.81663870376696,12/27/2025
155,Loyola MD,155.0,2025,69.00007493387741,120.29847194556176,-23.774214238414725,120.29847194556176,101.3158981767195,-18.982573768842297,-18.982573768842297,101.3158981767195,12/27/2025
156,Maine,157.0,2025,65.13906011253798,110.56969943843826,-25.35982364490968,110.56969943843826,90.12182473903326,-20.447874699405098,-20.447874699405098,90.12182473903326,12/27/2025
157,Manhattan,158.0,2025,69.76044905800488,118.16432760511343,-16.36256035918838,118.16432760511343,106.18522505482663,-11.979102550286816,-11.979102550286816,106.18522505482663,12/27/2025
158,Marist,159.0,2025,67.9649255649016,99.25584794975593,5.41349593750458,99.25584794975593,100.8055174658954,1.5496695161394651,1.5496695161394651,100.8055174658954,12/27/2025
159,Marquette,160.0,2025,71.29739961321236,103.61085022286247,-7.921469537915041,103.61085022286247,105.43581498538889,1.824964762526399,1.824964762526399,105.43581498538889,12/27/2025
160,Marshall,161.0,2025,69.94164638721988,106.92909612861725,3.156390558482453,106.92909612861725,107.66609608088208,0.7369999522648341,0.7369999522648341,107.66609608088208,12/27/2025
161,Maryland,162.0,2025,69.09321047258499,106.64192767126285,-2.479817443456513,106.64192767126285,109.53451705896839,2.8925893877055264,2.8925893877055264,109.53451705896839,12/27/2025
162,Maryland Eastern Shore,163.0,2025,63.39017960962836,110.71579642626715,-14.3194321877347,110.71579642626715,94.07794398869837,-16.637852437568842,-16.637852437568842,94.07794398869837,12/27/2025
163,Massachusetts,164.0,2025,72.84046998190021,101.49633977180336,2.5032141294795913,101.49633977180336,103.24923795420553,1.752898182402156,1.752898182402156,103.24923795420553,12/27/2025
164,UMass Lowell,320.0,2025,70.7135101331691,115.77380101931122,-13.657473972392806,115.77380101931122,103.46417997678296,-12.309621042528276,-12.309621042528276,103.46417997678296,12/27/2025
165,McNeese St.,165.0,2025,69.0,100.0,0.0,100.0,100.0,0.0,0.0,100.0,12/27/2025
166,UMBC,318.0,2025,66.82310385758214,112.33242192061613,-11.288802654596065,112.33242192061613,101.91636822626994,-10.416053694346218,-10.416053694346218,101.91636822626994,12/27/2025
167,Memphis,166.0,2025,69.635278741511,97.56929996392542,10.896151359200195,97.56929996392542,108.84542745515827,11.276127491232867,11.276127491232867,108.84542745515827,12/27/2025
168,Merrimack,169.0,2025,65.29051786637997,110.23678129609729,-12.334909319141914,110.23678129609729,100.49366693766069,-9.743114358436616,-9.743114358436616,100.49366693766069,12/27/2025
169,Mercer,167.0,2025,70.3457599304502,106.81593907980344,6.372814478084788,106.81593907980344,109.2989285162439,2.4829894364404534,2.4829894364404534,109.2989285162439,12/27/2025
170,Miami OH,171.0,2025,71.18255231644885,108.70408956094357,8.590764582544562,108.70408956094357,115.6076163852435,6.9035268242999095,6.9035268242999095,115.6076163852435,12/27/2025
171,Miami FL,170.0,2025,71.2466733830773,98.49315698690211,19.506425306678384,98.49315698690211,116.46815678203785,17.974999795135716,17.974999795135716,116.46815678203785,12/27/2025
172,Michigan,172.0,2025,73.99402335238791,88.22212615329094,49.18524758433874,88.22212615329094,125.90691771158467,37.68479155829365,37.68479155829365,125.90691771158467,12/27/2025
173,Michigan St.,173.0,2025,66.55467846364016,90.79232380058494,28.494128184897416,90.79232380058494,117.25969131013811,26.46736750955325,26.46736750955325,117.25969131013811,12/27/2025
174,Middle Tennessee,174.0,2025,66.89265335681569,103.39247553544122,10.197979880592966,103.39247553544122,109.47527686854093,6.082801333099686,6.082801333099686,109.47527686854093,12/27/2025
175,Minnesota,176.0,2025,64.62098038251251,99.51660808930299,7.034997604683943,99.51660808930299,109.96952132273782,10.452913233434865,10.452913233434865,109.96952132273782,12/27/2025
176,Mississippi,177.0,2025,66.85259271820439,100.64993933899142,6.989293231754883,100.64993933899142,110.41502642115995,9.76508708216853,9.76508708216853,110.41502642115995,12/27/2025
177,Mississippi St.,178.0,2025,69.85322719443597,104.48555102735294,-1.7335015792661659,104.48555102735294,109.77852617903035,5.292975151677395,5.292975151677395,109.77852617903035,12/27/2025
178,Mississippi Valley St.,179.0,2025,69.05636871432834,119.34083314353262,-28.144760505981505,119.34083314353262,91.24856120999719,-28.092271933535464,-28.092271933535464,91.24856120999719,12/27/2025
179,Missouri,180.0,2025,68.16284351656911,104.49238355575834,5.462698692530597,104.49238355575834,115.8307841274459,11.338400571687554,11.338400571687554,115.8307841274459,12/27/2025
180,Missouri St.,181.0,2025,65.07368324556577,108.82499560934468,-9.691125818728523,108.82499560934468,102.38932067295778,-6.435674936386903,-6.435674936386903,102.38932067295778,12/27/2025
181,Monmouth,182.0,2025,67.6133652585698,110.03084045351584,-5.961786088149034,110.03084045351584,105.39300658486142,-4.637833868654426,-4.637833868654426,105.39300658486142,12/27/2025
182,Montana,183.0,2025,70.55543721144538,109.08340972369933,-4.957895695293086,109.08340972369933,106.67619861685075,-2.4072111068485746,-2.4072111068485746,106.67619861685075,12/27/2025
183,Montana St.,184.0,2025,66.03171619300684,104.13671881642537,7.156101572537527,104.13671881642537,108.41770496636016,4.280986149934777,4.280986149934777,108.41770496636016,12/27/2025
184,Morehead St.,185.0,2025,67.89615681492131,111.51471084354876,-12.763904762484444,111.51471084354876,100.18363154449843,-11.331079299050325,-11.331079299050325,100.18363154449843,12/27/2025
185,Morgan St.,186.0,2025,69.30903735755268,123.47470041424543,-32.66624169680248,123.47470041424543,97.08118329970607,-26.393517114539353,-26.393517114539353,97.08118329970607,12/27/2025
186,Mount St. Mary's,187.0,2025,69.1745503911844,111.5881235214872,-16.71736083995973,111.5881235214872,99.53437980833033,-12.053743713156885,-12.053743713156885,99.53437980833033,12/27/2025
187,Murray St.,188.0,2025,72.80201684701117,107.60080301948103,11.984722859633637,107.60080301948103,115.41102453952531,7.810221520044278,7.810221520044278,115.41102453952531,12/27/2025
188,Navy,191.0,2025,68.1942327790386,106.61567371089895,-6.168016210065124,106.61567371089895,101.52335037900235,-5.092323331896595,-5.092323331896595,101.52335037900235,12/27/2025
189,N.C. State,189.0,2025,70.6998989562464,100.84228313568991,22.93000080632669,100.84228313568991,122.65886099875355,21.816577863063667,21.816577863063667,122.65886099875355,12/27/2025
190,UNC Asheville,321.0,2025,66.33956899155888,107.66507072418503,-5.5281498419721915,107.66507072418503,103.09781031180468,-4.567260412380355,-4.567260412380355,103.09781031180468,12/27/2025
191,UNC Greensboro,322.0,2025,68.89007464350183,112.29310840921457,-10.171359388804007,112.29310840921457,104.85575776830743,-7.437350640907145,-7.437350640907145,104.85575776830743,12/27/2025
192,UNC Wilmington,323.0,2025,64.59751801295836,108.35154570244384,3.1987575307294085,108.35154570244384,111.65834347984064,3.3067977773967936,3.3067977773967936,111.65834347984064,12/27/2025
193,Nebraska,192.0,2025,69.3387261710416,95.07751045777714,25.55634846561422,95.07751045777714,116.7599340294697,21.68242357169263,21.68242357169263,116.7599340294697,12/27/2025
194,Nebraska Omaha,193.0,2025,68.45397077197981,112.62328116361756,-7.53104359217849,112.62328116361756,105.75896520365102,-6.864315959966557,-6.864315959966557,105.75896520365102,12/27/2025
195,Nevada,194.0,2025,66.88158841768912,104.10468029581695,14.151696979783834,104.10468029581695,116.67918517234241,12.574504876525452,12.574504876525452,116.67918517234241,12/27/2025
196,New Hampshire,195.0,2025,68.40044261518717,106.85017534874564,-8.96194117994642,106.85017534874564,96.18282006551208,-10.667355283233547,-10.667355283233547,96.18282006551208,12/27/2025
197,NJIT,190.0,2025,69.28894425192223,111.07918338589882,-18.77251782141915,111.07918338589882,93.2070218462578,-17.872161539640988,-17.872161539640988,93.2070218462578,12/27/2025
198,New Mexico,196.0,2025,70.21040818855924,100.47496552412494,13.517863394795501,100.47496552412494,111.44084303326365,10.96587750913869,10.96587750913869,111.44084303326365,12/27/2025
199,New Mexico St.,197.0,2025,67.79742131954934,104.05786473800008,7.021085104704849,104.05786473800008,109.04575546744135,4.987890729441262,4.987890729441262,109.04575546744135,12/27/2025
200,New Orleans,198.0,2025,70.63001916518294,109.98724117595714,-0.39114011987238895,109.98724117595714,107.4465374964317,-2.540703679525449,-2.540703679525449,107.4465374964317,12/27/2025
201,Niagara,199.0,2025,64.96821419709168,117.03374075515899,-29.536771480284948,117.03374075515899,93.67330702960598,-23.36043372555307,-23.36043372555307,93.67330702960598,12/27/2025
202,Nicholls St.,200.0,2025,69.0,100.0,0.0,100.0,100.0,0.0,0.0,100.0,12/27/2025
203,North Carolina A&T,204.0,2025,70.5369122017709,111.6710528978619,-9.93429861311091,111.6710528978619,99.87769726907223,-11.793355628789707,-11.793355628789707,99.87769726907223,12/27/2025
204,Norfolk St.,201.0,2025,67.91404414026874,106.37416289387592,-5.195282753450183,106.37416289387592,99.8118137509786,-6.562349142897336,-6.562349142897336,99.8118137509786,12/27/2025
205,North Alabama,202.0,2025,67.24653479224231,111.53322201477934,-13.502836375832638,111.53322201477934,101.19361291784357,-10.33960909693578,-10.33960909693578,101.19361291784357,12/27/2025
206,North Carolina,203.0,2025,68.33266419264228,94.90174416885166,24.06791407198343,94.90174416885166,117.28743092367883,22.38568675482719,22.38568675482719,117.28743092367883,12/27/2025
207,North Carolina Central,205.0,2025,67.3805745755477,113.83120633205876,-20.023928361549558,113.83120633205876,95.24420070434836,-18.587005627710425,-18.587005627710425,95.24420070434836,12/27/2025
208,North Dakota,206.0,2025,69.06444353182381,109.58421338509194,-12.099262306910227,109.58421338509194,98.53996727846538,-11.044246106626554,-11.044246106626554,98.53996727846538,12/27/2025
209,North Dakota St.,207.0,2025,69.31542016246928,104.16123585672065,5.532781378298032,104.16123585672065,108.13662847294094,3.9753926162202546,3.9753926162202546,108.13662847294094,12/27/2025
210,North Florida,208.0,2025,71.77274845454494,118.47920305706103,-11.888083892495585,118.47920305706103,105.82769708859063,-12.651505968470412,-12.651505968470412,105.82769708859063,12/27/2025
211,North Texas,209.0,2025,65.56079544845115,99.6864042173809,-3.216818201940259,99.6864042173809,99.50379671083154,-0.18260750654936808,-0.18260750654936808,99.50379671083154,12/27/2025
212,Northeastern,210.0,2025,69.68302697096027,107.70993240767953,-1.7771266622845874,107.70993240767953,104.51839575812804,-3.1915366495514883,-3.1915366495514883,104.51839575812804,12/27/2025
213,Northern Arizona,211.0,2025,67.14931208316133,106.98965112545383,-9.780671125155267,106.98965112545383,97.74496976948411,-9.24468135596973,-9.24468135596973,97.74496976948411,12/27/2025
214,Northern Colorado,212.0,2025,68.8033478091567,108.3578795244486,5.3462886616899175,108.3578795244486,111.48858955605188,3.130710031603268,3.130710031603268,111.48858955605188,12/27/2025
215,Northern Illinois,213.0,2025,68.52063858502828,115.8978946891931,-13.73806639112636,115.8978946891931,103.41451526988247,-12.483379419310667,-12.483379419310667,103.41451526988247,12/27/2025
216,Northern Iowa,214.0,2025,63.819857517640656,91.21368073263098,15.334460824269573,91.21368073263098,103.52712628723377,12.313445554602788,12.313445554602788,103.52712628723377,12/27/2025
217,Northern Kentucky,215.0,2025,70.42681323732248,108.36823633360933,-4.604770678224052,108.36823633360933,104.67472466566673,-3.6935116679426114,-3.6935116679426114,104.67472466566673,12/27/2025
218,Northwestern,216.0,2025,68.15491624111799,101.76225636815956,13.2829055366979,101.76225636815956,114.96631058525031,13.204054217090787,13.204054217090787,114.96631058525031,12/27/2025
219,Northwestern St.,217.0,2025,66.40297454236398,119.16746821993426,-14.837890622991688,119.16746821993426,105.96359688104548,-13.203871338888812,-13.203871338888812,105.96359688104548,12/27/2025
220,Notre Dame,218.0,2025,66.7455013020455,102.27566912889401,11.777955107088921,102.27566912889401,113.01256084818439,10.736891719290375,10.736891719290375,113.01256084818439,12/27/2025
221,Oakland,219.0,2025,72.08170107689315,112.33238272456593,9.60141403690231,112.33238272456593,116.86517191882272,4.532789194256774,4.532789194256774,116.86517191882272,12/27/2025
222,Ohio,220.0,2025,69.69193214027231,109.94837674356184,-4.063999179989637,109.94837674356184,107.47251136432074,-2.475865379241106,-2.475865379241106,107.47251136432074,12/27/2025
223,Ohio St.,221.0,2025,69.23849719852852,101.62716411346904,15.995425964076366,101.62716411346904,118.42194128484351,16.794777171374456,16.794777171374456,118.42194128484351,12/27/2025
224,Oklahoma,222.0,2025,67.77045203896886,107.29690466851633,10.922353701904768,107.29690466851633,119.32851506795971,12.03161039944335,12.03161039944335,119.32851506795971,12/27/2025
225,Oklahoma St.,223.0,2025,74.2102602875257,103.19314127700383,12.722885260059753,103.19314127700383,115.4649452529518,12.271803975947977,12.271803975947977,115.4649452529518,12/27/2025
226,Old Dominion,224.0,2025,69.07857817217314,108.7102382720871,-2.775737267065117,108.7102382720871,105.79170671374568,-2.9185315583414155,-2.9185315583414155,105.79170671374568,12/27/2025
227,Oral Roberts,225.0,2025,69.30504712049799,111.86223961242062,-9.603054829699142,111.86223961242062,101.88011322886142,-9.982126383559248,-9.982126383559248,101.88011322886142,12/27/2025
228,Oregon,226.0,2025,68.73541529724322,103.87887670931528,9.449954549262984,103.87887670931528,115.77086426602571,11.891987556710411,11.891987556710411,115.77086426602571,12/27/2025
229,Oregon St.,227.0,2025,66.20904904906592,106.33853559109755,0.4114994157745883,106.33853559109755,107.8217267362431,1.483191145145525,1.483191145145525,107.8217267362431,12/27/2025
230,Pacific,228.0,2025,66.59824191525996,103.5950245460384,9.20410450950658,103.5950245460384,108.44660012995504,4.851575583916624,4.851575583916624,108.44660012995504,12/27/2025
231,Penn St.,230.0,2025,68.56567402836808,109.99673104557048,-0.6878018794923024,109.99673104557048,113.44049514600394,3.443764100433433,3.443764100433433,113.44049514600394,12/27/2025
232,Penn,229.0,2025,70.33271304929754,109.87769118680453,-4.774281156112142,109.87769118680453,105.36593435671006,-4.5117568300944715,-4.5117568300944715,105.36593435671006,12/27/2025
233,Pepperdine,231.0,2025,67.22711068453543,105.196854288905,-2.579937336083936,105.196854288905,101.33911980332871,-3.8577344855763025,-3.8577344855763025,101.33911980332871,12/27/2025
234,Pittsburgh,232.0,2025,65.1342945963167,103.86845728962697,7.8858976201316775,103.86845728962697,111.94592370026794,8.07746641064095,8.07746641064095,111.94592370026794,12/27/2025
235,Portland,233.0,2025,70.84572687586751,105.27594921307211,-1.9506349830248533,105.27594921307211,102.43757037858546,-2.838378834486659,-2.838378834486659,102.43757037858546,12/27/2025
236,Portland St.,234.0,2025,69.41401050835674,102.36998604492054,-2.549019828995024,102.36998604492054,100.82616209163993,-1.5438239532806277,-1.5438239532806277,100.82616209163993,12/27/2025
237,Prairie View A&M,235.0,2025,73.11548009776729,112.41896321773847,-4.7883398784293725,112.41896321773847,103.70991589401507,-8.709047323723416,-8.709047323723416,103.70991589401507,12/27/2025
238,Presbyterian,236.0,2025,63.71868579597904,109.58801133399199,-13.773330097407175,109.58801133399199,98.43761734014211,-11.15039399384989,-11.15039399384989,98.43761734014211,12/27/2025
239,Princeton,237.0,2025,67.03459171456646,106.17820841078306,-10.570046421079528,106.17820841078306,98.3985647700886,-7.779643640694472,-7.779643640694472,98.3985647700886,12/27/2025
240,Providence,238.0,2025,72.87899637190216,109.06421653681308,6.822099326740913,109.06421653681308,118.49720124594337,9.432984709130277,9.432984709130277,118.49720124594337,12/27/2025
241,Purdue,239.0,2025,65.69529254316706,96.52126221543544,30.205950710287468,96.52126221543544,125.74583077760502,29.22456856216955,29.22456856216955,125.74583077760502,12/27/2025
242,Queens,240.0,2025,68.8592575581225,119.49723672827731,-3.830102765270345,119.49723672827731,115.87178637296049,-3.625450355316848,-3.625450355316848,115.87178637296049,12/27/2025
243,Quinnipiac,241.0,2025,71.35324505752756,103.44665172803141,5.1878180815570145,103.44665172803141,106.72087991491966,3.2742281868882266,3.2742281868882266,106.72087991491966,12/27/2025
244,Radford,242.0,2025,73.14080382629908,113.07528480314821,-14.425514275272292,113.07528480314821,104.09747257758514,-8.977812225563113,-8.977812225563113,104.09747257758514,12/27/2025
245,Rhode Island,243.0,2025,67.44561595784832,102.38489497157907,6.054665211557582,102.38489497157907,107.90425304635353,5.51935807477445,5.51935807477445,107.90425304635353,12/27/2025
246,Rice,244.0,2025,66.86318577940537,108.57654949739941,-6.629616847266343,108.57654949739941,104.58947466908948,-3.987074828309928,-3.987074828309928,104.58947466908948,12/27/2025
247,Richmond,245.0,2025,69.78293559737352,101.5686417327243,13.533948106081034,101.5686417327243,111.04595307863701,9.477311345912687,9.477311345912687,111.04595307863701,12/27/2025
248,Rider,246.0,2025,66.9898455352114,110.91257083518522,-23.968021983791044,110.91257083518522,91.74592359360999,-19.166647241575223,-19.166647241575223,91.74592359360999,12/27/2025
249,Robert Morris,247.0,2025,65.65264954790592,108.2493101831811,1.5955097172386363,108.2493101831811,108.36833696110706,0.11902677792595484,0.11902677792595484,108.36833696110706,12/27/2025
250,Rutgers,248.0,2025,66.80434457424207,108.61488335053254,-8.666724986351793,108.61488335053254,105.03789855626356,-3.576984794268995,-3.576984794268995,105.03789855626356,12/27/2025
251,Sacramento St.,251.0,2025,72.01069667913819,107.26097031813198,-6.454335843008244,107.26097031813198,100.40046660860317,-6.86050370952882,-6.86050370952882,100.40046660860317,12/27/2025
252,Sacred Heart,252.0,2025,69.00302005266396,112.91142436199442,-13.594201388467898,112.91142436199442,102.00345019144252,-10.90797417055192,-10.90797417055192,102.00345019144252,12/27/2025
253,Saint Louis,255.0,2025,73.45002591877262,98.39355791424529,25.283709309560944,98.39355791424529,118.98391940006486,20.590361485819535,20.590361485819535,118.98391940006486,12/27/2025
254,Sam Houston St.,258.0,2025,72.05276522804849,106.41067420215657,14.359657662118003,106.41067420215657,113.09434781884752,6.683673616690952,6.683673616690952,113.09434781884752,12/27/2025
255,Samford,259.0,2025,67.57496567211932,112.46887166598387,-13.350139001291822,112.46887166598387,102.79515599892063,-9.673715667063266,-9.673715667063266,102.79515599892063,12/27/2025
256,San Diego,260.0,2025,69.39848485703546,110.96039964688593,-6.65859977254565,110.96039964688593,105.79106874548171,-5.169330901404222,-5.169330901404222,105.79106874548171,12/27/2025
257,San Diego St.,261.0,2025,68.64196206740704,99.08365260414735,11.455738635382167,99.08365260414735,112.46839344436832,13.384740840220942,13.384740840220942,112.46839344436832,12/27/2025
258,San Francisco,262.0,2025,66.13978289018765,105.53878037578764,4.577990968249931,105.53878037578764,113.50518470221803,7.966404326430379,7.966404326430379,113.50518470221803,12/27/2025
259,San Jose St.,263.0,2025,65.23461884350394,109.20938950419692,-5.124875390755193,109.20938950419692,106.0670189752319,-3.142370528965049,-3.142370528965049,106.0670189752319,12/27/2025
260,Santa Clara,264.0,2025,69.91372746745866,100.70174826107431,14.481929230301217,100.70174826107431,116.68554129900843,15.983793037934117,15.983793037934117,116.68554129900843,12/27/2025
261,Southeast Missouri St.,274.0,2025,69.0,100.0,0.0,100.0,100.0,0.0,0.0,100.0,12/27/2025
262,Seattle,265.0,2025,69.61586002395622,99.46824253472415,8.654148376078279,99.46824253472415,106.6662018685718,7.197959333847638,7.197959333847638,106.6662018685718,12/27/2025
263,Seton Hall,266.0,2025,66.67605650791856,93.44080394570541,19.04331176578564,93.44080394570541,109.23472625824351,15.79392231253808,15.79392231253808,109.23472625824351,12/27/2025
264,Siena,267.0,2025,66.5014345480978,103.21645652699807,-0.7322341569355504,103.21645652699807,103.63058010957329,0.4141235825752111,0.4141235825752111,103.63058010957329,12/27/2025
265,SIU Edwardsville,249.0,2025,69.0,100.0,0.0,100.0,100.0,0.0,0.0,100.0,12/27/2025
266,South Alabama,268.0,2025,66.30887987979175,109.09115811733147,-6.630969200237701,109.09115811733147,104.98631641327364,-4.104841704057857,-4.104841704057857,104.98631641327364,12/27/2025
267,South Carolina,269.0,2025,67.32527872062214,102.8417040529771,6.6776169600913775,102.8417040529771,110.19961457204377,7.357910519066667,7.357910519066667,110.19961457204377,12/27/2025
268,South Carolina St.,270.0,2025,70.26876519189267,118.40903065524108,-30.64893337416954,118.40903065524108,93.12024331916328,-25.28878733607782,-25.28878733607782,93.12024331916328,12/27/2025
269,USC Upstate,326.0,2025,68.61991479073413,108.84623881606421,-1.0325738974857073,108.84623881606421,103.69971334666398,-5.1465254694002445,-5.1465254694002445,103.69971334666398,12/27/2025
270,South Dakota,271.0,2025,71.98344989702177,114.58030569123258,-7.625774925594792,114.58030569123258,106.8754999513449,-7.704805739887689,-7.704805739887689,106.8754999513449,12/27/2025
271,South Dakota St.,272.0,2025,69.12978566905508,107.4173604040435,-0.18306822859900018,107.4173604040435,107.39229178901937,-0.025068615024171015,-0.025068615024171015,107.39229178901937,12/27/2025
272,South Florida,273.0,2025,72.90104062117948,102.79111002767402,13.280568899048395,102.79111002767402,115.05337832779222,12.26226830011818,12.26226830011818,115.05337832779222,12/27/2025
273,Southeastern Louisiana,275.0,2025,66.89167859555086,107.73353088269461,-11.6611380208532,107.73353088269461,97.76580503525172,-9.96772584744288,-9.96772584744288,97.76580503525172,12/27/2025
274,Southern,276.0,2025,72.22871666652911,111.78498096097121,-8.311383924692311,111.78498096097121,105.64401312730483,-6.140967833666392,-6.140967833666392,105.64401312730483,12/27/2025
275,USC,325.0,2025,71.60384430244403,102.09521365850792,14.534415951936847,102.09521365850792,117.80412729678301,15.708913638275032,15.708913638275032,117.80412729678301,12/27/2025
276,Southern Illinois,277.0,2025,70.82400409850739,104.64066830230851,7.204868758136058,104.64066830230851,108.33380973901701,3.6931414367085003,3.6931414367085003,108.33380973901701,12/27/2025
277,Southern Indiana,278.0,2025,70.7599656640097,109.9942561313073,-20.968882107641576,109.9942561313073,92.2720237981603,-17.722232333146987,-17.722232333146987,92.2720237981603,12/27/2025
278,SMU,250.0,2025,70.18456774084784,102.45530490483756,17.313671626899254,102.45530490483756,118.34973188858208,15.894426983744523,15.894426983744523,118.34973188858208,12/27/2025
279,Southern Miss,279.0,2025,67.76055530778532,107.58524365199877,2.1324864888783113,107.58524365199877,108.38980160239367,0.8045579503948956,0.8045579503948956,108.38980160239367,12/27/2025
280,Southern Utah,280.0,2025,70.76873357263428,115.27357045009762,-23.08613994604035,115.27357045009762,98.5728267520791,-16.70074369801856,-16.70074369801856,98.5728267520791,12/27/2025
281,St. Bonaventure,281.0,2025,68.20214013353542,106.3938572243276,4.106872557834171,106.3938572243276,111.94981116613135,5.555953941803747,5.555953941803747,111.94981116613135,12/27/2025
282,Saint Francis,253.0,2025,70.68545214225827,116.5967783285721,-25.122768932390663,116.5967783285721,96.03627861117614,-20.56049971739595,-20.56049971739595,96.03627861117614,12/27/2025
283,St. Thomas,283.0,2025,69.22800729473595,103.62857207071761,7.98052464517805,103.62857207071761,110.7585911770522,7.130019106334577,7.130019106334577,110.7585911770522,12/27/2025
284,St. John's,282.0,2025,71.51918083656926,93.06116943055655,22.061035710800397,93.06116943055655,115.92628610841173,22.865116677855184,22.865116677855184,115.92628610841173,12/27/2025
285,Saint Joseph's,254.0,2025,69.25873479992418,106.47609739450807,-12.25080067234496,106.47609739450807,101.02194322028899,-5.4541541742191,-5.4541541742191,101.02194322028899,12/27/2025
286,Saint Mary's,256.0,2025,68.113041678804,96.21654642441258,21.02926644378563,96.21654642441258,115.83764711374867,19.62110068933607,19.62110068933607,115.83764711374867,12/27/2025
287,Saint Peter's,257.0,2025,66.29879490566348,110.8069995640254,-14.48717932120411,110.8069995640254,99.32182482206267,-11.48517474196274,-11.48517474196274,99.32182482206267,12/27/2025
288,Stanford,284.0,2025,70.73660098859892,102.52780786512263,12.663258965170133,102.52780786512263,115.23541864818054,12.707610783057884,12.707610783057884,115.23541864818054,12/27/2025
289,Stephen F. Austin,285.0,2025,67.30033586572335,104.54001768306607,13.51040589657978,104.54001768306607,111.91485784022953,7.374840157163438,7.374840157163438,111.91485784022953,12/27/2025
290,Stetson,286.0,2025,67.819198256368,114.33541729561867,-21.13305274539211,114.33541729561867,96.94424235933428,-17.39117493628444,-17.39117493628444,96.94424235933428,12/27/2025
291,Stonehill,287.0,2025,67.58351664487027,109.38712264122834,-17.519213574351056,109.38712264122834,93.07134972902061,-16.31577291220774,-16.31577291220774,93.07134972902061,12/27/2025
292,Stony Brook,288.0,2025,66.93213274815803,106.90340171073193,-2.400931083640746,106.90340171073193,103.20980577588361,-3.6935959348483225,-3.6935959348483225,103.20980577588361,12/27/2025
293,Syracuse,289.0,2025,67.96526099992249,98.71240351802523,11.217445566688188,98.71240351802523,110.42964648864968,11.717242970624469,11.717242970624469,110.42964648864968,12/27/2025
294,Tarleton St.,291.0,2025,70.82314879952332,109.19813152436932,3.8122864864870705,109.19813152436932,108.87037149594033,-0.32776002842900176,-0.32776002842900176,108.87037149594033,12/27/2025
295,Temple,292.0,2025,66.47259295812529,114.55846974034553,-1.0715607558703724,114.55846974034553,115.11310851581159,0.5546387754660373,0.5546387754660373,115.11310851581159,12/27/2025
296,Tennessee Martin,294.0,2025,66.1878774552851,106.33902030883702,4.359900756591193,106.33902030883702,104.15556345735716,-2.183456851479872,-2.183456851479872,104.15556345735716,12/27/2025
297,Tennessee,293.0,2025,67.96253371319014,94.10311828274062,23.92424648303056,94.10311828274062,119.78210704053623,25.678988757795594,25.678988757795594,119.78210704053623,12/27/2025
298,Tennessee St.,295.0,2025,71.82602381765953,106.64841977747433,-6.1161535112845975,106.64841977747433,99.30869034268378,-7.3397294347905575,-7.3397294347905575,99.30869034268378,12/27/2025
299,Tennessee Tech,296.0,2025,70.23048058832312,110.2522510788017,-1.6722583121063244,110.2522510788017,104.00172037247059,-6.250530706331125,-6.250530706331125,104.00172037247059,12/27/2025
300,Texas,297.0,2025,69.55590463395106,103.25332648376661,12.340881143267293,103.25332648376661,117.4875390763129,14.234212592546235,14.234212592546235,117.4875390763129,12/27/2025
301,Texas A&M,298.0,2025,73.24989816552062,103.68192564541455,13.563822371010426,103.68192564541455,117.38224154332029,13.700315897905718,13.700315897905718,117.38224154332029,12/27/2025
302,Texas A&M Corpus Chris,300.0,2025,67.48546303805743,101.75270405110409,-2.198661943453601,101.75270405110409,96.89270677819219,-4.859997272911917,-4.859997272911917,96.89270677819219,12/27/2025
303,TCU,290.0,2025,67.78755216886607,97.15747127455187,14.109106232257206,97.15747127455187,109.84427655196468,12.686805277412835,12.686805277412835,109.84427655196468,12/27/2025
304,UT Rio Grande Valley,328.0,2025,69.06183238707393,103.40855561862922,9.207208814732173,103.40855561862922,106.83546111234023,3.426905493710988,3.426905493710988,106.83546111234023,12/27/2025
305,Texas Southern,301.0,2025,70.608682366202,114.48470430367661,-18.84357641601665,114.48470430367661,100.84224859466781,-13.642455709008813,-13.642455709008813,100.84224859466781,12/27/2025
306,Texas St.,302.0,2025,67.21790480522121,106.73764421329032,-10.006264316397248,106.73764421329032,100.7524228492344,-5.985221364055932,-5.985221364055932,100.7524228492344,12/27/2025
307,Texas Tech,303.0,2025,68.20182118423224,100.73401815255362,18.570009384306918,100.73401815255362,121.11292694836993,20.378908795816304,20.378908795816304,121.11292694836993,12/27/2025
308,UT Arlington,327.0,2025,66.13156296871763,99.47596996947617,3.4689752841456514,99.47596996947617,99.5390138997713,0.06304393029511113,0.06304393029511113,99.5390138997713,12/27/2025
309,UTEP,329.0,2025,65.25999038562144,106.46391109247148,-2.886679932808587,106.46391109247148,103.7588813909377,-2.705029701533788,-2.705029701533788,103.7588813909377,12/27/2025
310,UTSA,330.0,2025,69.78128548578313,107.0987611483601,-16.310216720431818,107.0987611483601,94.98559497067873,-12.113166177681407,-12.113166177681407,94.98559497067873,12/27/2025
311,The Citadel,304.0,2025,66.13304269368359,119.6533004284683,-22.734286966334007,119.6533004284683,99.51787282661131,-20.135427601857025,-20.135427601857025,99.51787282661131,12/27/2025
312,Toledo,305.0,2025,70.3685889935893,110.72412397873664,5.049792219807174,110.72412397873664,113.33191468010004,2.607790701363392,2.607790701363392,113.33191468010004,12/27/2025
313,Towson,306.0,2025,64.00485890270681,102.80063127025736,-0.3496807342132834,102.80063127025736,102.5948485352911,-0.205782734966254,-0.205782734966254,102.5948485352911,12/27/2025
314,Troy,307.0,2025,68.5008186412668,105.10557813424447,4.06315824354267,105.10557813424447,109.60719242248332,4.501614288238851,4.501614288238851,109.60719242248332,12/27/2025
315,Tulane,308.0,2025,66.77100543505678,112.71410163172521,-9.984690633646032,112.71410163172521,108.67467892804042,-4.039422703684805,-4.039422703684805,108.67467892804042,12/27/2025
316,Tulsa,309.0,2025,69.12922946788403,108.18000588968333,21.524489302239587,108.18000588968333,121.67100524291894,13.490999353235567,13.490999353235567,121.67100524291894,12/27/2025
317,UAB,310.0,2025,70.25306564639915,102.79740821093074,9.38113503106821,102.79740821093074,110.26458703985887,7.467178828928115,7.467178828928115,110.26458703985887,12/27/2025
318,UC Davis,311.0,2025,69.29305359822878,109.35870504895084,3.264815696968534,109.35870504895084,109.8886325728775,0.5299275239266552,0.5299275239266552,109.8886325728775,12/27/2025
319,UC Irvine,312.0,2025,68.8930021621418,97.28338332431815,4.746791187520001,97.28338332431815,103.07722550276615,5.793842178448009,5.793842178448009,103.07722550276615,12/27/2025
320,UC San Diego,314.0,2025,70.08570396061619,104.1006677040147,16.610400629258542,104.1006677040147,114.67563031653484,10.57496261252014,10.57496261252014,114.67563031653484,12/27/2025
321,UC Riverside,313.0,2025,69.07509336051577,111.39611165324106,-4.477824129883856,111.39611165324106,106.01463086530988,-5.381480787931181,-5.381480787931181,106.01463086530988,12/27/2025
322,UC Santa Barbara,315.0,2025,65.38375014412456,113.00802834301884,-0.40203970185035054,113.00802834301884,113.6291311999412,0.6211028569223558,0.6211028569223558,113.6291311999412,12/27/2025
323,UCLA,317.0,2025,67.07498896588636,99.80602886634999,18.196750555077415,99.80602886634999,119.9771280299926,20.171099163642538,20.171099163642538,119.9771280299926,12/27/2025
324,UMKC,319.0,2025,69.0,100.0,0.0,100.0,100.0,0.0,0.0,100.0,12/27/2025
325,UNLV,324.0,2025,72.95859145372428,108.26254353721143,-2.948777592440056,108.26254353721143,110.1745107603531,1.9119672231416602,1.9119672231416602,110.1745107603531,12/27/2025
326,Utah,331.0,2025,69.66115488916992,108.97249673900055,3.0151337734462365,108.97249673900055,114.55676344108086,5.584266702080293,5.584266702080293,114.55676344108086,12/27/2025
327,Utah St.,332.0,2025,69.72242158338963,96.34215534128852,26.733114901463345,96.34215534128852,117.11801140104919,20.775856059760656,20.775856059760656,117.11801140104919,12/27/2025
328,Utah Tech,333.0,2025,67.18821078666615,109.89643664997458,-4.431906935590289,109.89643664997458,105.2091376209802,-4.687299028994374,-4.687299028994374,105.2091376209802,12/27/2025
329,Utah Valley,334.0,2025,70.30938274758704,97.65454975204156,21.22187404746771,97.65454975204156,112.6735069170252,15.01895716498362,15.01895716498362,112.6735069170252,12/27/2025
330,Valparaiso,337.0,2025,66.86231022836346,106.248001499387,-2.251469097208367,106.248001499387,102.3410352381074,-3.9069662612796163,-3.9069662612796163,102.3410352381074,12/27/2025
331,Vanderbilt,338.0,2025,71.47749272407444,95.84019917771985,34.77274658226374,95.84019917771985,126.69139982203161,30.85120064431178,30.85120064431178,126.69139982203161,12/27/2025
332,VCU,335.0,2025,70.48182281407094,104.8440492693725,11.929888346093284,104.8440492693725,116.1959928232378,11.351943553865276,11.351943553865276,116.1959928232378,12/27/2025
333,Vermont,339.0,2025,66.32157525462182,113.7992796909847,-1.8107966753989844,113.7992796909847,112.59738623693791,-1.201893454046813,-1.201893454046813,112.59738623693791,12/27/2025
334,Villanova,340.0,2025,64.24490092195207,99.66873338857278,23.371596500790396,99.66873338857278,119.14509729658815,19.47636390801534,19.47636390801534,119.14509729658815,12/27/2025
335,Virginia,341.0,2025,67.2882880777706,101.26555411358471,24.217449528778225,101.26555411358471,124.455394020949,23.18983990736428,23.18983990736428,124.455394020949,12/27/2025
336,Virginia Tech,342.0,2025,69.36000370769145,102.30857353911101,11.778487792628882,102.30857353911101,113.46484878918035,11.156275250069326,11.156275250069326,113.46484878918035,12/27/2025
337,VMI,336.0,2025,67.99302456011569,119.5728128948507,-22.789297455629995,119.5728128948507,102.37066194177872,-17.202150953072042,-17.202150953072042,102.37066194177872,12/27/2025
338,Wagner,343.0,2025,68.97647293232029,112.18456086978112,-2.1495851169731175,112.18456086978112,106.06640557094131,-6.118155298839809,-6.118155298839809,106.06640557094131,12/27/2025
339,Wake Forest,344.0,2025,71.08082715721075,99.98915243977997,13.065839994239337,99.98915243977997,113.09813370476202,13.108981264982026,13.108981264982026,113.09813370476202,12/27/2025
340,Washington,345.0,2025,68.88087762593494,97.78662692664201,13.813305742080063,97.78662692664201,111.58230952141048,13.795682594768445,13.795682594768445,111.58230952141048,12/27/2025
341,Washington St.,346.0,2025,68.38009366813365,107.93519732181494,1.574123320778238,107.93519732181494,110.07072860841112,2.13553128659617,2.13553128659617,110.07072860841112,12/27/2025
342,Weber St.,347.0,2025,69.52442180329801,110.64756519146573,2.5791151602073326,110.64756519146573,110.03994107605295,-0.6076241154127819,-0.6076241154127819,110.03994107605295,12/27/2025
343,West Virginia,349.0,2025,64.69284008145887,97.1301191512761,10.89811773821058,97.1301191512761,110.04205118286718,12.911932031591075,12.911932031591075,110.04205118286718,12/27/2025
344,Western Carolina,350.0,2025,71.35689639185522,112.01275470109123,-12.054481950622945,112.01275470109123,102.27492345538751,-9.737831245703692,-9.737831245703692,102.27492345538751,12/27/2025
345,Western Illinois,351.0,2025,66.38234193052155,117.12211367659948,-21.201578268902082,117.12211367659948,98.74826594183276,-18.373847734766773,-18.373847734766773,98.74826594183276,12/27/2025
346,Western Kentucky,352.0,2025,71.76353970926041,104.46101982386145,7.733264710876491,104.46101982386145,109.5302482173565,5.06922839349504,5.06922839349504,109.5302482173565,12/27/2025
347,Western Michigan,353.0,2025,69.32290271303152,114.33991857981502,-10.825686136874703,114.33991857981502,103.33154560213546,-11.008372977679537,-11.008372977679537,103.33154560213546,12/27/2025
348,Wichita St.,354.0,2025,66.10629525983654,102.48083221192988,14.803621441758192,102.48083221192988,112.4071812947596,9.926349082829697,9.926349082829697,112.4071812947596,12/27/2025
349,William & Mary,355.0,2025,75.20858945644888,101.09941180026016,17.24657130913504,101.09941180026016,110.52466816157376,9.425256361313608,9.425256361313608,110.52466816157376,12/27/2025
350,Winthrop,356.0,2025,69.19720297161989,114.21705862806664,6.110402008849781,114.21705862806664,117.91611089242514,3.699052264358512,3.699052264358512,117.91611089242514,12/27/2025
351,Milwaukee,175.0,2025,69.5454407600404,113.211094440348,-5.847966270751379,113.211094440348,108.83154857559144,-4.379545864756574,-4.379545864756574,108.83154857559144,12/27/2025
352,Wisconsin,357.0,2025,70.58354219401332,102.58971787646941,8.491946776772506,102.58971787646941,116.14178874661982,13.55207087015041,13.55207087015041,116.14178874661982,12/27/2025
353,Wofford,358.0,2025,68.326360081064,108.78904903939899,-6.3144868763141035,108.78904903939899,103.23701187702454,-5.552037162374466,-5.552037162374466,103.23701187702454,12/27/2025
354,Wright St.,359.0,2025,67.14662448131048,103.1771874311107,9.573720347176351,103.1771874311107,108.03668412895183,4.859496697841133,4.859496697841133,108.03668412895183,12/27/2025
355,Wyoming,360.0,2025,69.62504932817565,103.3102415518963,19.027605717901146,103.3102415518963,114.34053799643752,11.030296444541209,11.030296444541209,114.34053799643752,12/27/2025
356,Xavier,361.0,2025,70.72551435242886,103.89460558126035,2.8885984608031725,103.89460558126035,110.2350319210576,6.340426339797237,6.340426339797237,110.2350319210576,12/27/2025
357,Yale,362.0,2025,67.12330816096997,109.7983691320212,14.241349980765031,109.7983691320212,122.6481272848677,12.8497581528465,12.8497581528465,122.6481272848677,12/27/2025
358,Youngstown St.,363.0,2025,67.72794116077786,101.17158225402105,9.235041191314913,101.17158225402105,107.40805858818001,6.23647633415894,6.23647633415894,107.40805858818001,12/27/2025
359,Le Moyne,142.0,2025,69.20981187402737,118.57532901024933,-10.675309262557205,118.57532901024933,107.36833269478456,-11.206996315464814,-11.206996315464814,107.36833269478456,12/27/2025
360,West Georgia,348.0,2025,69.35265908202533,109.17433722221679,-4.250237984671723,109.17433722221679,102.71003908438692,-6.464298137829868,-6.464298137829868,102.71003908438692,12/27/2025
361,Louisiana,150.0,2025,69.0,100.0,0.0,100.0,100.0,0.0,0.0,100.0,12/27/2025
362,Mercyhurst,168.0,2025,65.44275570742103,108.03808187866396,-11.168322693762699,108.03808187866396,95.85303904667481,-12.185042831989191,-12.185042831989191,95.85303904667481,12/27/2025
363,East Texas A&M,,2025,70.90679945352264,108.61834127294875,-6.164770171357409,108.61834127294875,100.32962386801904,-8.28871740492971,-8.28871740492971,100.32962386801904,12/27/2025
364,New Haven,,2025,65.26930022927564,108.45038201066957,-13.414252107600273,108.45038201066957,93.84003524937324,-14.610346761296306,-14.610346761296306,93.84003524937324,12/27/2025
