,muid,Date,conmatch,matchup,prediction,ttq,Div1,HomeAway,Tm,Date_zero,tm_oe,tm_de,tm_Bart,tm_winpercent,tm_proScore,opp,opp_oe,opp_de,opp_Bart,opp_winpercent,opp_proScore,tpro,tm_qual,gp,result,tempo,possessions,tm_pts,opp_pts,winner,loser,tm_adjt,opp_adjt,tm_adjo,tm_adjd,opp_adjo,opp_adjd,gamevalue,mismatch,blowout,tm_elite,opp_elite,ord_date,tm_ppp,opp_ppp,gameppp,tm_rk,opp_rk,tm_gs,opp_gs,gamestats,AWAY,HOME,VegasSpread,VegasTotal,Reg_dif,Over_dif,Daily_Reg_Tm_net_eff,Daily_Reg_Opp_net_eff,LeagueTempo,LeagueOE,DateNew,Pomeroy_Tm_AdjEM,Pomeroy_Tm_AdjOE,Pomeroy_Tm_AdjDE,Pomeroy_Tm_AdjT,Pomeroy_Opp_AdjEM,Pomeroy_Opp_AdjOE,Pomeroy_Opp_AdjDE,Pomeroy_Opp_AdjT,tm_ptdiff,tm_offensive_rating,tm_defensive_rating,opp_offensive_rating,opp_defensive_rating,Tm_TeamID,Opp_TeamID,Tm,TeamID,TRank_Tm_AdjEM,TRank_Tm_AdjOE,TRank_Tm_AdjDE,TRank_Tm_AdjT,Team_Opp,TeamID_Opp,TRank_Opp_AdjEM,TRank_Opp_AdjOE,TRank_Opp_AdjDE,TRank_Opp_AdjT,Team_x,MG_Tm_AdjT,MG_ATS_Tm_net_eff,MG_Tm_AdjEM,MG_Tm_AdjOE,MG_Tm_AdjDE,TeamID_y,Team_Standardized_Tm,Tm_y,Team_Opp,MG_Opp_AdjT,MG_ATS_Opp_net_eff,MG_Opp_AdjEM,MG_Opp_AdjOE,MG_Opp_AdjDE,TeamID_Opp,Team_Standardized_Opp,Pomeroy_Tm_Score,Pomeroy_Opp_Score,Pomeroy_OverUnder,Pomeroy_PointDiff,Pomeroy_GameTempo,TRank_Tm_Score,TRank_Opp_Score,TRank_OverUnder,TRank_PointDiff,TRank_GameTempo,MG_Tm_Score,MG_Opp_Score,MG_OverUnder,MG_PointDiff,MG_GameTempo,MG_ATS_PointDiff,MG_ATS_GameTempo,Daily_Reg_PointDiff,Daily_Reg_GameTempo,away_team,home_team,Date_y,H/A/N,Opponent,Result,Diff,ATS,ATSVegas,OverUnder,OverUnderVegas,Year_Date,GameID,Tm_y,Team_y,Team_Standardized,Pomeroy_PointDiffWinATS,Pomeroy_PointDiffLossATS,Pomeroy_OverUnderWinTotal,Pomeroy_OverUnderLossTotal,TRank_PointDiffWinATS,TRank_PointDiffLossATS,TRank_OverUnderWinTotal,TRank_OverUnderLossTotal,MG_PointDiffWinATS,MG_PointDiffLossATS,MG_OverUnderWinTotal,MG_OverUnderLossTotal,MG_ATS_PointDiffWinATS,MG_ATS_PointDiffLossATS,Daily_Reg_PointDiffWinATS,Daily_Reg_PointDiffLossATS,VegasImpliedWinPercent,MG_ATS_ImpliedWinPercent,MG_Reg_ATS_ImpliedWinPercent,Dif_from_Vegas,MG_Reg_Dif_from_Vegas,Pt_Spread_Difference,Reg_Dif_Abs,Over_Dif_Abs,Total_Diff,Pomeroy_PointDiffSelection,MG_ATS_PointDiffSelection,Both
0,Cal St. NorthridgeStanford12-27,2025-12-27,BW at ACC,188 Cal St. Northridge at 72 Stanford,"Stanford -16.4, 94-78 (88%)",46.059975670339,0,H,Cal St. Northridge,12/27/2025,108.15886412959796,113.33178182659223,0.3688244892290646,0.0,77.83022643125732,Stanford,116.81916709137204,102.569419654975,0.8169777650895139,1.0,94.2752263693405,76.69098280968586,,1,"Stanford, 88-80",75.15,75.15,80.0,88.0,Stanford,Cal St. Northridge,73.01118907081214,69.72986043358648,115.08162246900224,106.45402467018606,109.72977125272328,109.13442300443256,1.0,0.0,1.0,0.5992412410379307,0.9540787680699204,739612,1.0645375914836992,1.170991350632069,1.1177644710578842,188,72,0.710163250611751,0.5156359275188932,"['12/27/25', 200.0, 'Cal St. Northridge', 'Stanford', 24.0, 51.0, 8.0, 17.0, 24.0, 30.0, 5.0, 25.0, 30.0, 14.0, 6.0, 1.0, 15.0, 24.0, 80.0, 25.0, 52.0, 11.0, 27.0, 27.0, 38.0, 8.0, 25.0, 33.0, 16.0, 9.0, 2.0, 13.0, 21.0, 88.0, 75.15, '', 'Stanford', 'Cal St. Northridge']",Cal St. Northridge,Stanford,-16.444999938083185,172.10545280059782,4.8,2.7,11.4,6.6,71.2,101.4,20251227,-4.200000000000003,108.1,112.3,74.2,10.700000000000003,113.8,103.1,70.9,-8.0,115.08162246900224,106.45402467018606,109.72977125272328,109.13442300443256,102,799,Cal St. Northridge,102,-3.030000000000001,108.886,111.916,74.6387,Stanford,799,11.837999999999994,114.951,103.113,71.2227,Cal St. Northridge,69.0,0.0,0.0,100.0,100.0,102,Cal St. Northridge,Cal St. Northridge,Stanford,70.73660098859892,12.663258965170133,12.707610783057884,115.23541864818054,102.52780786512263,799,Stanford,78.95331710306772,95.74809017634944,174.70140727941714,-16.794773073281718,73.8873595505618,80.3718283055448,97.39695843247408,177.7687867380189,-17.025130126929284,74.66249632710672,67.38617900112004,80.10086821696068,147.4870472180807,-12.714689215840636,68.55091949737816,-10.721737131310306,68.55091949737816,1.1982700728141822,68.55091949737816,Cal St. Northridge,Stanford,12/27,Away,Stanford,L by 8,7.5,-7.5,-15.5,7.5,160.5,12/27/2025,12/27/2025CSU Northridge Matadors,Cal St. Northridge,Cal St. Northridge,Cal St. Northridge,0,1,1,0,0,1,1,0,1,0,0,1,1,0,1,0,93.00536172447475,84.64006898350982,88.70374999120455,8.365292740964932,4.301611733270207,4.778262868689694,4.8,2.7,7.478262868689694,Stanford,Cal St. Northridge,0
1,Santa ClaraOregon St.12-28,2025-12-28,WCC at WCC,37 Santa Clara at 179 Oregon St.,"Santa Clara -9.2, 80-71 (80%)",50.12537238548936,1,H,Santa Clara,12/28/2025,118.32163741677236,103.60871281746488,0.8215713739518642,1.0,80.0405310563126,Oregon St.,109.7636430177776,108.52968725308564,0.5324579009404659,0.0,70.88462232992038,67.58411691355425,,1,"Santa Clara, 102-64",68.61250000000001,68.61250000000001,102.0,64.0,Santa Clara,Oregon St.,71.43316290305677,67.41499628433252,145.74307121429965,94.8930710257258,100.53024393111303,133.68180396690468,1.0,0.0,1.0,0.8542454349744278,0.7250248951828041,739613,1.4866095828019674,0.9327746401894697,1.2096921114957184,37,179,0.9928579506987415,0.03634967392669091,"['12/28/25', 200.0, 'Santa Clara', 'Oregon St.', 35.0, 55.0, 15.0, 27.0, 17.0, 24.0, 7.0, 26.0, 33.0, 21.0, 12.0, 5.0, 9.0, 22.0, 102.0, 18.0, 49.0, 11.0, 26.0, 17.0, 27.0, 9.0, 13.0, 22.0, 11.0, 4.0, 2.0, 16.0, 18.0, 64.0, 68.61250000000001, '', 'Santa Clara', 'Oregon St.']",Santa Clara,Oregon St.,9.155908726392227,150.92515338623298,-20.9,-19.0,-12.0,8.9,71.2,101.4,20251228,10.700000000000003,115.4,104.7,70.3,-0.5,108.6,109.1,66.2,38.0,145.74307121429965,94.8930710257258,100.53024393111303,133.68180396690468,734,625,Santa Clara,734,14.159000000000006,117.066,102.907,70.1877,Oregon St.,625,1.152000000000001,108.969,107.817,66.2316,Santa Clara,69.91160139313826,14.459911985457735,15.972302684520056,116.67502135350222,100.70271866898219,734,Santa Clara,Santa Clara,Oregon St.,66.20918572600124,0.41587819793754577,1.4862360907440242,107.82625060856869,106.34001451782467,625,Oregon St.,78.90049995132902,75.36119609648426,154.2616960478133,3.5393038548447606,65.36320224719101,79.0096543470576,74.23899810748314,153.24865245454075,4.770656239574464,65.28993920393259,77.33533701927875,71.57991157996196,148.91524859924073,5.755425439316795,65.0110983292199,7.1744770576082,65.0110983292199,-15.37941548735025,65.0110983292199,Santa Clara,Oregon St.,12/28,Away,Oregon St,W by 38,31.0,-31.0,7.0,17.0,149.0,12/28/2025,12/28/2025Santa Clara Broncos,Santa Clara,Santa Clara,Santa Clara,0,1,1,0,0,1,1,0,0,1,0,1,1,0,0,1,25.24925375469229,24.721384991251593,29.17993452747769,0.5278687634406971,3.9306807727854007,0.17447705760820043,20.9,19.0,-18.8255229423918,Oregon St.,Santa Clara,0
2,Le MoyneBoston College12-28,2025-12-28,NEC at ACC,296 Le Moyne at 174 Boston College,"Boston College -10.7, 77-67 (84%)",28.462280659024493,0,H,Le Moyne,12/28/2025,106.45211238431668,120.85936737981795,0.1885097889549069,0.0,66.50329390172477,Boston College,101.73319207508408,100.1742701344315,0.5442801635376007,1.0,77.19346791913874,67.86379880667188,,1,"Boston College, 72-64",72.975,72.975,64.0,72.0,Boston College,Le Moyne,75.38169980912005,71.96787269642451,96.6524282011616,103.46078540849356,87.08796167303905,90.95250657701692,1.0,0.0,1.0,0.8482219330016556,0.9812250436640392,739613,0.8770126755738267,0.986639260020555,0.9318259677971908,296,174,0.31371237395023555,0.3777013698612773,"['12/28/25', 200.0, 'Le Moyne', 'Boston College', 23.0, 63.0, 7.0, 25.0, 11.0, 19.0, 12.0, 31.0, 43.0, 11.0, 7.0, 6.0, 15.0, 20.0, 64.0, 24.0, 60.0, 9.0, 23.0, 15.0, 23.0, 11.0, 30.0, 41.0, 16.0, 8.0, 6.0, 11.0, 16.0, 72.0, 72.975, '', 'Boston College', 'Le Moyne']",Le Moyne,Boston College,-10.690174017413966,143.69676182086351,13.1,13.7,3.2,-9.9,71.2,101.4,20251228,-12.5,107.3,119.8,69.4,1.0999999999999943,104.3,103.2,66.3,-8.0,96.6524282011616,103.46078540849356,87.08796167303905,90.95250657701692,383,76,Le Moyne,383,-11.942000000000007,108.437,120.379,69.5197,Boston College,76,-0.29599999999999227,102.34,102.636,66.4811,Le Moyne,69.21093164954493,-10.696250137706922,-11.229053401770656,107.34912159542132,118.578174997192,383,Le Moyne,Le Moyne,Boston College,66.38948853266562,-3.8304191701021586,-0.594991300448455,100.10417667593784,100.69916797638628,76,Boston College,68.61013902896006,81.87891643790898,150.48905546686905,-13.268777408948921,64.62387640449438,69.26585179276205,81.08867261910815,150.35452441187022,-11.822820826346103,64.91216471446629,66.8858540313355,77.6763731776402,144.56222720897568,-10.790519146304703,64.53480832981134,-6.1065788737042865,64.53480832981134,6.707618908183925,64.53480832981134,Le Moyne,Boston College,12/28,Away,Boston College,L by 8,5.0,-5.0,-13.0,-10.5,146.5,12/28/2025,12/28/2025Le Moyne Dolphins,Le Moyne,Le Moyne,Le Moyne,0,1,0,1,1,0,0,1,1,0,1,0,1,0,1,0,89.21596253194927,71.95748341980959,84.7947102640429,17.258479112139682,4.421252267906368,6.8934211262957135,13.1,13.7,20.593421126295713,Boston College,Le Moyne,0
3,PennGeorge Mason12-28,2025-12-28,Ivy at A10,221 Penn at 94 George Mason,"George Mason -14.3, 83-68 (88%)",36.95651999248918,0,H,Penn,12/28/2025,106.50152361272896,114.27304629100487,0.3078986962912747,0.0,68.37389594128469,George Mason,113.59400027344036,102.57574056594392,0.7637475150009936,1.0,82.7051453021753,68.52659462431781,,1,"George Mason, 83-79",68.7125,68.7125,79.0,83.0,George Mason,Penn,71.2147454215195,66.88626949767598,121.14951841894302,115.64759097688366,114.96037698686014,116.68379145653162,1.0,0.0,1.0,0.6737010912556096,0.9646517098800244,739613,1.149718028015281,1.2079315990540294,1.178824813534655,221,94,0.6305311232905183,0.4573237492450948,"['12/28/25', 200.0, 'Penn', 'George Mason', 30.0, 63.0, 11.0, 26.0, 8.0, 15.0, 9.0, 20.0, 29.0, 19.0, 5.0, 7.0, 8.0, 19.0, 79.0, 34.0, 60.0, 1.0, 15.0, 14.0, 28.0, 12.0, 29.0, 41.0, 13.0, 6.0, 3.0, 7.0, 14.0, 83.0, 68.7125, '', 'George Mason', 'Penn']",Penn,George Mason,-14.33124936089061,151.07904124345998,7.6,13.5,-2.8,-10.4,71.2,101.4,20251228,-6.099999999999994,106.9,113.0,71.0,10.900000000000006,113.4,102.5,66.7,-4.0,121.14951841894302,115.64759097688366,114.96037698686014,116.68379145653162,637,262,Penn,637,-6.103999999999999,106.589,112.693,70.9585,George Mason,262,9.149000000000001,111.609,102.46,66.6768,Penn,70.3341530570828,-4.795176085504328,-4.532077013793935,105.34620075019122,109.87827776398515,637,Penn,Penn,George Mason,66.65909035590006,9.770634723513496,9.588251533915749,110.11434916703712,100.52609763312141,262,George Mason,69.87497000790853,86.42385651286517,156.2988265207737,-16.54888650495664,66.51264044943821,69.57957882075881,84.74874851649655,154.32832733725536,-15.169169695737736,66.45064203370787,66.85890011092313,80.786606622032,147.64550673295514,-13.927706511108866,65.8484643783397,-11.480987428110673,65.8484643783397,3.282414252331492,65.8484643783397,Penn,George Mason,12/28,Away,George Mason,L by 4,12.5,-12.5,-16.5,15.5,146.5,12/28/2025,12/28/2025Pennsylvania Quakers,Penn,Penn,Penn,0,1,1,0,1,0,1,0,1,0,1,0,1,0,1,0,94.19584331306726,86.28968999650424,90.76543653367202,7.906153316563021,3.4304067793952413,5.019012571889327,7.6,13.5,18.519012571889327,George Mason,Penn,0
4,HarvardColgate12-28,2025-12-28,Ivy at Pat,207 Harvard at 172 Colgate,"Colgate -5.8, 74-68 (72%)",39.49191291127108,0,H,Harvard,12/28/2025,104.55438837477315,111.56783890741882,0.3215533408413513,1.0,68.1387644930356,Colgate,111.06844842354874,109.2036173313607,0.5485276269736382,0.0,73.9511088067451,64.70865440955835,,1,"Harvard, 78-69",68.8,68.8,78.0,69.0,Harvard,Colgate,70.01456002463429,72.23051218905303,110.08904557281008,100.34555288992712,99.89639464950002,114.98438460578832,1.0,0.0,1.0,0.8460024256471844,0.9624279214522482,739613,1.1337209302325582,1.002906976744186,1.068313953488372,207,172,0.7437787972559433,0.16553315794584111,"['12/28/25', 200.0, 'Harvard', 'Colgate', 30.0, 59.0, 13.0, 24.0, 5.0, 6.0, 4.0, 26.0, 30.0, 12.0, 7.0, 3.0, 10.0, 11.0, 78.0, 28.0, 59.0, 5.0, 18.0, 8.0, 10.0, 6.0, 26.0, 32.0, 17.0, 9.0, 2.0, 12.0, 10.0, 69.0, 68.8, '', 'Harvard', 'Colgate']",Harvard,Colgate,-5.812344313709502,142.0898732997807,-6.0,0.9,-1.9,4.1,71.2,101.4,20251228,-3.200000000000003,106.5,109.7,65.7,-1.0,109.2,110.2,67.2,9.0,110.08904557281008,100.34555288992712,99.89639464950002,114.98438460578832,291,156,Harvard,291,-4.930000000000007,105.582,110.512,65.4479,Colgate,156,-0.25,110.101,110.351,67.4155,Harvard,65.83498986693681,-6.6438722536466335,-5.984714109636662,105.6224034327927,111.60711754242939,291,Harvard,Harvard,Colgate,67.19831337285797,6.126732717922515,3.3213630223121857,111.03759762955232,107.71623460724014,156,Colgate,69.77530220619,75.3220046381663,145.0973068443563,-5.5467024319763,62.00898876404494,69.22413134527439,76.45645182436294,145.68058316963732,-7.232320479088557,61.96914188834269,67.77791989335057,78.07914625277262,145.8570661461232,-10.301226359422046,62.13483539294029,-9.670271235579648,62.13483539294029,-5.487003043879781,62.13483539294029,Harvard,Colgate,12/28,Away,Colgate,W by 9,12.5,-12.5,-3.5,5.5,141.5,12/28/2025,12/28/2025Harvard Crimson,Harvard,Harvard,Harvard,0,1,1,0,0,1,1,0,0,1,1,0,0,1,0,1,63.055865981823636,82.1469099001592,83.67206854752332,19.091043918335565,20.616202565699687,-6.170271235579648,6.0,0.9,-5.2702712355796475,Colgate,Colgate,1
5,Cal St. FullertonSMU12-28,2025-12-28,BW at ACC,259 Cal St. Fullerton at 41 SMU,"SMU -27.0, 101-74 (96%)",41.25621767609727,0,H,Cal St. Fullerton,12/28/2025,103.97921961161012,114.77520763128642,0.2430516661553325,0.0,74.07211449613635,SMU,121.84861682935797,102.02644120966792,0.8851159551860203,1.0,101.04675989382828,77.20655854715622,Cal St. Fullerton,1,"SMU, 110-63",76.23750000000001,76.23750000000001,63.0,110.0,SMU,Cal St. Fullerton,75.11131936028323,69.29027081094026,66.34526552674548,89.00474867572972,94.48996644137668,65.09927039352866,0.7158714219386246,0.2841285780613753,0.7158714219386246,0.4641897921698585,0.9742335182667934,739613,0.8263649778652237,1.4428594851615018,1.1346122315133629,259,41,0.03296146466756425,0.9864091383604586,"['12/28/25', 200.0, 'Cal St. Fullerton', 'SMU', 20.0, 62.0, 8.0, 32.0, 15.0, 22.0, 16.0, 20.0, 36.0, 14.0, 7.0, 4.0, 19.0, 13.0, 63.0, 41.0, 77.0, 14.0, 31.0, 14.0, 19.0, 20.0, 29.0, 49.0, 30.0, 10.0, 7.0, 11.0, 17.0, 110.0, 76.23750000000001, '', 'SMU', 'Cal St. Fullerton']",Cal St. Fullerton,SMU,-26.97464539769193,175.11887438996462,15.1,11.8,10.8,-4.3,71.2,101.4,20251228,-5.099999999999994,106.5,111.6,75.6,16.900000000000006,120.4,103.5,70.3,-47.0,66.34526552674548,89.00474867572972,94.48996644137668,65.09927039352866,101,775,Cal St. Fullerton,101,-6.8799999999999955,105.396,112.276,76.0789,SMU,775,15.406999999999996,119.369,103.962,70.2144,Cal St. Fullerton,75.35512098251095,4.5569686336773785,-2.450979638812903,107.64720420820241,110.0981838470153,101,Cal St. Fullerton,Cal St. Fullerton,SMU,70.1858728921321,17.269887815471336,15.852786568025845,118.31933390976036,102.46654734173453,775,SMU,78.88654930284736,101.70112649080447,180.58767579365184,-22.814577187957113,74.6443820224719,78.81793449060561,101.95930407743697,180.77723856804258,-23.14136958683136,75.02576286741574,78.55669718610052,98.11972208634403,176.67641927244455,-19.563024900243505,74.28181099788975,-11.75026468643631,74.28181099788975,9.06906630473236,74.28181099788975,Cal St. Fullerton,SMU,12/28,Away,SMU,L by 47,-25.0,25.0,-22.0,2.5,170.5,12/28/2025,12/28/2025CSU Fullerton Titans,Cal St. Fullerton,Cal St. Fullerton,Cal St. Fullerton,1,0,1,0,1,0,1,0,0,1,1,0,0,1,0,1,98.19250838115705,86.8445464477392,96.87790818186186,11.34796193341785,1.3146001992951994,10.24973531356369,15.1,11.8,22.04973531356369,SMU,Cal St. Fullerton,0
6,Washington St.Portland12-28,2025-12-28,WCC at WCC,147 Washington St. at 233 Portland,"Washington St. -1.4, 75-74 (55%)",55.08803918894799,1,H,Washington St.,12/28/2025,108.45819385169987,109.70892419895564,0.4670831406485883,1.0,74.99107404800183,Portland,103.48490884285329,106.611036687509,0.4152619770890143,0.0,73.63156262625354,70.32219920053281,,1,"Washington St., 67-62",68.35,68.35,67.0,62.0,Washington St.,Portland,66.46998068004207,69.09610907490784,99.4894777768986,95.25740473274136,89.85325412085626,97.795067284608,1.0,0.0,1.0,0.9038334195408844,0.9326680024376872,739613,0.9802487198244332,0.9070958302852964,0.9436722750548648,147,233,0.6224346722247605,0.2740824324664047,"['12/28/25', 200.0, 'Washington St.', 'Portland', 20.0, 53.0, 8.0, 23.0, 19.0, 28.0, 11.0, 33.0, 44.0, 12.0, 4.0, 3.0, 13.0, 15.0, 67.0, 20.0, 65.0, 8.0, 31.0, 14.0, 24.0, 14.0, 28.0, 42.0, 11.0, 5.0, 4.0, 6.0, 22.0, 62.0, 68.35, '', 'Washington St.', 'Portland']",Washington St.,Portland,1.3595114217482944,148.62263667425538,5.4,10.0,3.1,-2.3,71.2,101.4,20251228,0.7000000000000028,110.4,109.7,68.7,-6.199999999999989,103.9,110.1,71.4,5.0,99.4894777768986,95.25740473274136,89.85325412085626,97.795067284608,965,644,Washington St.,965,1.2399999999999949,110.454,109.214,68.5342,Portland,644,-5.9140000000000015,103.327,109.241,71.2341,Washington St.,68.38039415439482,1.5823888361891358,2.139324269811367,110.07062858505648,107.93130431524513,965,Washington St.,Washington St.,Portland,70.85698365892294,-2.103426558156569,-2.9329763160602265,102.37881340454094,105.31178972060115,644,Portland,80.28736826754567,79.62236723038146,159.90973549792713,0.6650010371642168,68.8929775280899,79.32284561926186,78.45947258761227,157.78231820687412,0.8633730316495871,68.56702326151685,75.63078042430138,76.24822515084036,151.87900557514172,-0.6174447265389773,68.05096167399807,0.607769891035332,68.05096167399807,1.7617032958164458,68.05096167399807,Washington St.,Portland,12/28,Away,Portland,W by 5,1.0,-1.0,4.0,-23.5,152.5,12/28/2025,12/28/2025Washington St Cougars,Washington St.,Washington St.,Washington St.,0,1,0,1,0,1,0,1,0,1,1,0,0,1,0,1,35.161929169946596,47.69209732550007,52.34459921960594,12.530168155553476,17.182670049659343,-3.392230108964668,5.4,10.0,6.607769891035332,Portland,Portland,1
7,Florida A&MGeorgia Tech12-28,2025-12-28,SWAC at ACC,334 Florida A&M at 145 Georgia Tech,"Georgia Tech -17.3, 83-66 (92%)",26.339590153653155,0,H,Florida A&M,12/28/2025,96.85690642964092,114.54762678792083,0.1268398277593288,0.0,66.07603125265217,Georgia Tech,106.72328550564198,102.2822594457046,0.6198203938520086,1.0,83.38532458914118,73.22555629702285,,1,"Georgia Tech, 89-65",74.025,74.025,65.0,89.0,Georgia Tech,Florida A&M,71.58592900423801,72.27049644176752,92.75302826704942,122.47041839536124,114.1048993760721,97.9485062170212,1.0,0.0,1.0,0.8036906784640047,0.9881762341619604,739613,0.8780817291455588,1.2022965214454575,1.0401891252955082,334,145,0.03930952452316078,0.8526800286059654,"['12/28/25', 200.0, 'Florida A&M', 'Georgia Tech', 25.0, 71.0, 9.0, 32.0, 6.0, 16.0, 15.0, 14.0, 29.0, 16.0, 13.0, 5.0, 11.0, 17.0, 65.0, 33.0, 54.0, 6.0, 11.0, 17.0, 22.0, 11.0, 35.0, 46.0, 23.0, 8.0, 6.0, 20.0, 16.0, 89.0, 74.025, '', 'Georgia Tech', 'Florida A&M']",Florida A&M,Georgia Tech,-17.309293336489006,149.46135584179336,8.8,7.1,4.6,-4.2,71.2,101.4,20251228,-17.200000000000003,97.0,114.2,70.4,2.700000000000003,107.0,104.3,71.1,-24.0,92.75302826704942,122.47041839536124,114.1048993760721,97.9485062170212,233,276,Florida A&M,233,-13.573699999999988,98.6483,112.222,70.6788,Georgia Tech,276,1.1539999999999964,105.048,103.894,71.3582,Florida A&M,70.15775750431312,-13.797048170056549,-13.552239066558048,94.66728022755969,108.21951929411776,233,Florida A&M,Florida A&M,Georgia Tech,70.92950904851273,-3.030329253170165,0.6981630163607861,103.40169855005054,102.70353553368977,276,Georgia Tech,68.19211867088943,87.10640753582024,155.29852620670965,-18.91428886493081,70.30112359550562,69.60637354552449,84.67531245504371,154.2816860005682,-15.068938909519218,70.83584194044943,65.15141139566056,79.30377983285332,144.45519122851388,-14.152368437192763,69.89122606356095,-9.317294142072846,69.89122606356095,4.189559655154085,69.89122606356095,Florida A&M,Georgia Tech,12/28,Away,Georgia Tech,L by 24,-4.5,4.5,-19.5,6.5,147.5,12/28/2025,12/28/2025Florida AM Rattlers,Florida A&M,Florida A&M,Florida A&M,0,1,1,0,0,1,1,0,0,1,0,1,0,1,0,1,96.83545838833274,81.25578065708848,91.11458172776088,15.57967773124426,5.720876660571861,10.182705857927154,8.8,7.1,17.282705857927155,Florida A&M,Florida A&M,1
8,PacificSan Diego12-28,2025-12-28,WCC at WCC,148 Pacific at 206 San Diego,"San Diego -0.1, 72-71 (50%)",56.954459605106095,1,H,Pacific,12/28/2025,105.57205208208316,107.06811307704466,0.4596324183047044,0.0,71.095109614433,San Diego,107.97962953374892,109.32789897308383,0.4643844874001667,1.0,71.21340387767735,66.78934238615004,,1,"San Diego, 66-54",64.05000000000001,64.05000000000001,54.0,66.0,San Diego,Pacific,63.56374563604632,66.8061079038258,82.40013989874632,104.70515539465754,105.59655498601234,85.33161942531746,1.0,0.0,1.0,0.8850363342281468,0.9345254970174728,739613,0.8430913348946134,1.0304449648711942,0.9367681498829038,148,206,0.05980747310027371,0.920592728105651,"['12/28/25', 200.0, 'Pacific', 'San Diego', 21.0, 51.0, 4.0, 22.0, 8.0, 12.0, 13.0, 26.0, 39.0, 15.0, 2.0, 4.0, 21.0, 19.0, 54.0, 18.0, 50.0, 12.0, 30.0, 18.0, 24.0, 6.0, 21.0, 27.0, 15.0, 13.0, 4.0, 8.0, 16.0, 66.0, 64.05000000000001, '', 'San Diego', 'Pacific']",Pacific,San Diego,-0.11829426324435133,142.30851349211036,-7.4,-2.7,-3.2,4.2,71.2,101.4,20251228,4.0,110.4,106.4,67.0,-6.299999999999997,106.5,112.8,70.1,-12.0,82.40013989874632,104.70515539465754,105.59655498601234,85.33161942531746,629,726,Pacific,629,3.0279999999999916,109.08,106.052,66.513,San Diego,726,-5.632000000000005,107.214,112.846,69.9171,Pacific,66.59844745355134,9.225480299080587,4.866123295566107,108.44511511886941,103.57899182330333,629,Pacific,Pacific,San Diego,69.39782136994296,-6.636033065511023,-5.157200666289956,105.78502739051423,110.94222805680421,726,San Diego,78.76021172649476,75.7952548877528,154.55546661424756,2.964956838741955,65.96488764044943,77.08273633121215,75.30403835300956,152.3867746842217,1.7786979782025867,65.3145515772472,74.87773531498217,72.12133970330697,146.99907501828915,2.7563956116752024,64.91274100979057,8.455054005848169,64.91274100979057,-6.630187366740003,64.91274100979057,Pacific,San Diego,12/28,Away,San Diego,L by 12,-14.5,14.5,2.5,-30.5,150.5,12/28/2025,12/28/2025Pacific Tigers,Pacific,Pacific,Pacific,0,1,0,1,1,0,0,1,0,1,1,0,0,1,1,0,40.590361400171645,21.033966475307587,39.64626476093096,19.55639492486406,0.9440966392406835,5.955054005848169,7.4,2.7,3.2550540058481685,Pacific,Pacific,1
9,Saint Mary'sLoyola Marymount12-28,2025-12-28,WCC at WCC,32 Saint Mary's at 124 Loyola Marymount,"Saint Mary's -5.8, 72-66 (73%)",58.68201468924484,1,H,Saint Mary's,12/28/2025,116.94797258169092,100.913718831819,0.8449890167288677,1.0,71.58738629125321,Loyola Marymount,106.98866723482465,100.4755760258951,0.6731121431574543,0.0,65.77658058312446,66.05880438134146,,1,"Saint Mary's, 78-73",59.337500000000006,59.337500000000006,78.0,73.0,Saint Mary's,Loyola Marymount,60.757230987337465,60.649099749297015,140.1796344055375,126.25756100292767,133.85819427123886,120.43500372917806,1.0,0.0,1.0,0.7642303643602296,0.6901301688900374,739613,1.3145144301664209,1.2302506846429322,1.2723825574046763,32,124,0.7690418025090655,0.7712201774602879,"['12/28/25', 200.0, ""Saint Mary's"", 'Loyola Marymount', 29.0, 55.0, 7.0, 14.0, 13.0, 19.0, 11.0, 19.0, 30.0, 12.0, 2.0, 3.0, 6.0, 18.0, 78.0, 28.0, 56.0, 8.0, 19.0, 9.0, 14.0, 9.0, 18.0, 27.0, 11.0, 1.0, 3.0, 6.0, 20.0, 73.0, 59.337500000000006, '', ""Saint Mary's"", 'Loyola Marymount']",Saint Mary's,Loyola Marymount,5.810805708128754,137.36396687437767,-8.7,-10.1,-7.0,1.7,71.2,101.4,20251228,19.10000000000001,116.2,97.1,68.0,4.0,104.8,100.8,68.0,5.0,140.1796344055375,126.25756100292767,133.85819427123886,120.43500372917806,712,422,Saint Mary's,712,18.92009999999999,116.204,97.2839,68.25,Loyola Marymount,422,3.173000000000002,103.629,100.456,68.1253,Saint Mary's,68.11354122049266,21.052661052026494,19.640957970070353,115.83917849346007,96.19822052338974,712,Saint Mary's,Saint Mary's,Loyola Marymount,68.06435692990252,5.567987256299349,3.6056336762671237,102.03908463433646,98.43345095806934,422,Loyola Marymount,72.93237676099196,67.01257392539327,139.94495068638523,5.919802835598688,64.9438202247191,73.08763746343024,66.75615660383468,139.84379406726492,6.331480859595558,65.30269276685392,71.18479962482098,64.81040858566499,135.99520821048597,6.374391039155995,65.11382558133765,8.01680425579795,65.11382558133765,-7.439775483272477,65.11382558133765,Saint Mary's,Loyola Marymount,12/28,Away,Loyola Mymt,W by 5,-4.5,4.5,9.5,8.0,143.0,12/28/2025,12/28/2025Saint Marys Gaels,Saint Mary's,Saint Mary's,Saint Mary's,1,0,0,1,1,0,0,1,1,0,0,1,1,0,1,0,18.2795768782416,22.258109094293467,27.189729827239905,3.9785322160518675,8.910152948998306,-1.4831957442020496,8.7,10.1,-11.58319574420205,Loyola Marymount,Loyola Marymount,1
10,San FranciscoSeattle12-28,2025-12-28,WCC at WCC,84 San Francisco at 110 Seattle,"Seattle -0.7, 70-69 (53%)",67.997847610171,1,H,San Francisco,12/28/2025,112.78309851566506,105.36255119112003,0.6862576514228467,1.0,69.18088270445688,Seattle,107.07977079298637,99.09360339563963,0.709169849251212,0.0,69.8377383707567,67.11875013487455,,1,"San Francisco, 67-59",70.475,70.475,67.0,59.0,San Francisco,Seattle,69.44124270810656,73.67215525041752,103.6464574215369,85.12401996995118,86.51138800564827,91.06595828865504,1.0,0.0,1.0,0.7324234630503779,0.8473381543646274,739613,0.95069173465768,0.837176303653778,0.893934019155729,84,110,0.9058580355636615,0.3566252128470217,"['12/28/25', 200.0, 'San Francisco', 'Seattle', 20.0, 56.0, 8.0, 26.0, 19.0, 24.0, 8.0, 36.0, 44.0, 11.0, 1.0, 5.0, 10.0, 19.0, 67.0, 20.0, 73.0, 4.0, 23.0, 15.0, 18.0, 15.0, 28.0, 43.0, 6.0, 5.0, 7.0, 5.0, 20.0, 59.0, 70.475, '', 'San Francisco', 'Seattle']",San Francisco,Seattle,-0.6568556662998191,139.01862107521356,1.6,1.2,-1.4,-3.0,71.2,101.4,20251228,8.200000000000003,114.2,106.0,66.3,6.099999999999994,107.6,101.5,69.6,8.0,103.6464574215369,85.12401996995118,86.51138800564827,91.06595828865504,728,736,San Francisco,728,9.75399999999999,115.032,105.278,65.8206,Seattle,736,5.959000000000003,107.263,101.304,69.8077,San Francisco,66.13735981857705,4.504278976277988,7.915281612689786,113.48047930328983,105.56519769060004,728,San Francisco,San Francisco,Seattle,69.62618937203264,8.525100940592589,7.12300136822806,106.62252365312784,99.49952228489981,736,Seattle,72.02624856010888,74.95469925734828,146.98094781745715,-2.9284506972393984,64.81011235955054,72.1018340436413,73.89425804194134,145.99609208558263,-1.7924239983000376,64.53349295814606,70.01603600602462,73.8154319269955,143.83146793302012,-3.7993959209708805,64.67545420357455,-4.5293729348136935,64.67545420357455,-0.7362653706534914,64.67545420357455,San Francisco,Seattle,12/28,Away,Seattle,W by 8,10.5,-10.5,-2.5,-21.0,147.0,12/28/2025,12/28/2025San Francisco Dons,San Francisco,San Francisco,San Francisco,0,1,1,0,1,0,1,0,0,1,1,0,0,1,1,0,59.409638599828355,66.68999024551638,64.12669023179802,7.280351645688029,4.717051631969667,-2.0293729348136935,1.6,1.2,-0.8293729348136936,Seattle,Seattle,1
11,Norfolk St.Louisiana12-28,2025-12-28,MEAC at SB,290 Norfolk St. at 310 Louisiana,"Louisiana -2.2, 62-60 (60%)",35.04687463084662,0,H,Norfolk St.,12/28/2025,98.25139447120624,111.12602976134346,0.1952802392030784,0.0,59.7975161628822,Louisiana,96.26228055224622,105.07856226732908,0.2674174983017717,1.0,61.95869255113451,62.802611694645,,1,"Louisiana, 63-54",58.8625,58.8625,54.0,63.0,Louisiana,Norfolk St.,63.33075457471164,60.22538579151762,91.86710748608206,123.61106521403562,107.07737030244144,98.25065207725572,1.0,0.0,1.0,0.9481458663980808,0.9804035149015872,739613,0.9173922276491824,1.0702909322573797,0.993841579953281,290,310,0.03188652840980962,0.7289580111538808,"['12/28/25', 200.0, 'Norfolk St.', 'Louisiana', 17.0, 54.0, 9.0, 23.0, 11.0, 16.0, 11.0, 23.0, 34.0, 13.0, 4.0, 1.0, 10.0, 14.0, 54.0, 21.0, 51.0, 10.0, 27.0, 11.0, 15.0, 8.0, 26.0, 34.0, 15.0, 6.0, 5.0, 7.0, 12.0, 63.0, 58.8625, '', 'Louisiana', 'Norfolk St.']",Norfolk St.,Louisiana,-2.161176388252315,121.75620871401671,-7.2,-13.8,-2.9,4.3,71.2,101.4,20251228,-7.400000000000006,101.5,108.9,68.2,-14.900000000000006,95.1,110.0,64.5,-9.0,91.86710748608206,123.61106521403562,107.07737030244144,98.25065207725572,557,405,Norfolk St.,557,-8.067999999999998,100.306,108.374,67.9136,Louisiana,405,-12.878899999999987,94.8251,107.704,64.5604,Norfolk St.,67.9147269390822,-5.179295860299291,-6.552364710113811,99.81354600963463,106.36591071974846,557,Norfolk St.,Norfolk St.,Louisiana,69.0,0.0,0.0,100.0,100.0,405,Louisiana,66.13611776536632,64.87994116094664,131.01605892631295,1.2561766044196787,61.782303370786515,63.78485768754572,64.16960097854201,127.95445866608773,-0.38474329099629045,61.58046603146067,62.985185917131204,70.98612572338517,133.97131164051638,-8.000939806253967,65.8162381853465,-5.20394892113174,65.8162381853465,-6.594523801218976,65.8162381853465,Norfolk St.,Louisiana,12/28,Away,Louisiana,L by 9,-5.5,5.5,-3.5,-9.5,126.5,12/28/2025,12/28/2025Norfolk State Spartans,Norfolk St.,Norfolk St.,Norfolk St.,0,1,0,1,0,1,0,1,1,0,0,1,1,0,1,0,63.055865981823636,68.99166778579841,77.69682871648338,5.935801803974776,14.640962734659745,-1.7039489211317402,7.2,13.8,-15.503948921131741,Norfolk St.,Louisiana,0
12,Northern ColoradoColorado12-28,2025-12-28,BSky at B12,146 Northern Colorado at 89 Colorado,"Colorado -9.9, 87-77 (80%)",49.26917332594762,0,H,Northern Colorado,12/28/2025,110.36467980837516,111.43090135742568,0.4723863617299281,1.0,77.37391747139925,Colorado,120.53094915035372,107.94620425325384,0.7804252082953206,0.0,87.30237874288012,70.45273252589972,,1,"Northern Colorado, 86-81",73.1,73.1,86.0,81.0,Northern Colorado,Colorado,71.95243019931293,72.87624648098597,117.50664123481448,100.27941364754936,108.46877087003485,114.93166036335955,1.0,0.0,1.0,0.6525263851252183,0.9313185757593372,739613,1.1764705882352942,1.1080711354309167,1.1422708618331054,146,89,0.860943183354847,0.3394901803199789,"['12/28/25', 200.0, 'Northern Colorado', 'Colorado', 31.0, 59.0, 11.0, 21.0, 13.0, 17.0, 7.0, 32.0, 39.0, 17.0, 2.0, 0, 13.0, 12.0, 86.0, 30.0, 76.0, 7.0, 23.0, 14.0, 15.0, 15.0, 22.0, 37.0, 11.0, 5.0, 4.0, 5.0, 14.0, 81.0, 73.1, '', 'Northern Colorado', 'Colorado']",Northern Colorado,Colorado,-9.92846127148087,164.67629621427938,5.7,3.1,-1.7,-7.4,71.2,101.4,20251228,-0.5999999999999943,110.5,111.1,69.7,11.899999999999991,118.6,106.7,69.9,5.0,117.50664123481448,100.27941364754936,108.46877087003485,114.93166036335955,585,159,Northern Colorado,585,0.24500000000000455,110.702,110.457,69.0507,Colorado,159,10.781999999999996,119.066,108.284,69.9882,Northern Colorado,68.80387240357183,5.308198792569477,3.1019106870728588,111.46065802711189,108.35874734003905,585,Northern Colorado,Northern Colorado,Colorado,69.69361726686375,10.36070535130974,10.81461878537689,118.29858388928257,107.48396510390569,159,Colorado,77.35217549397267,91.42535664549605,168.77753213946872,-14.073181151523386,68.42738764044944,78.00968933359303,90.51735992964171,168.52704926323474,-12.507670596048683,67.87548036151686,77.3583238189532,87.54016701785149,164.89849083680468,-10.181843198898292,67.34818468781832,-5.436258734822729,67.34818468781832,2.038898943239005,67.34818468781832,Northern Colorado,Colorado,12/28,Away,Colorado,W by 5,20.5,-20.5,-15.5,8.5,158.5,12/28/2025,12/28/2025Northern Colorado Bears,Northern Colorado,Northern Colorado,Northern Colorado,1,0,1,0,1,0,1,0,1,0,1,0,1,0,1,0,93.00536172447475,69.76797827468391,83.39018132842533,23.23738344979084,9.615180396049425,10.06374126517727,5.7,3.1,13.16374126517727,Northern Colorado,Northern Colorado,1
13,Nebraska OmahaOregon12-28,2025-12-28,Sum at B10,237 Nebraska Omaha at 62 Oregon,"Oregon -19.4, 87-67 (93%)",35.01612108886361,0,H,Nebraska Omaha,12/28/2025,105.91406327622931,115.23914371031658,0.2748034634104004,0.0,67.31633031929059,Oregon,118.77359890813888,103.33231185776124,0.8322410247586827,1.0,86.6712111216329,67.78574549515794,Nebraska Omaha,1,"Oregon, 80-57",63.65,63.65,57.0,80.0,Oregon,Nebraska Omaha,64.12924827255483,64.43129215603388,86.08898324117925,99.0249753288918,102.06213204054907,83.99048614152855,0.8851248773034355,0.1148751226965645,0.8851248773034355,0.5736392820268875,0.9697323938815,739613,0.8955223880597015,1.2568735271013354,1.0761979575805185,237,62,0.16660355182789577,0.9038800421680928,"['12/28/25', 200.0, 'Nebraska Omaha', 'Oregon', 21.0, 57.0, 8.0, 26.0, 7.0, 15.0, 10.0, 23.0, 33.0, 9.0, 7.0, 1.0, 9.0, 13.0, 57.0, 31.0, 68.0, 12.0, 30.0, 6.0, 13.0, 18.0, 29.0, 47.0, 21.0, 6.0, 9.0, 8.0, 14.0, 80.0, 63.65, '', 'Oregon', 'Nebraska Omaha']",Nebraska Omaha,Oregon,-19.354880802342308,153.98754144092348,-7.6,-4.4,4.7,12.4,71.2,101.4,20251228,-6.400000000000006,108.0,114.4,68.1,11.299999999999997,116.2,104.9,69.0,-23.0,86.08898324117925,99.0249753288918,102.06213204054907,83.99048614152855,532,624,Nebraska Omaha,532,-5.6059999999999945,108.186,113.792,68.753,Oregon,624,12.531999999999996,117.428,104.896,68.9292,Nebraska Omaha,68.45413342807758,-7.571125662482894,-6.893232422763997,105.74775657825806,112.64098900102205,532,Nebraska Omaha,Nebraska Omaha,Oregon,68.73654764353876,9.448793480520019,11.891492468715096,115.76566135017218,103.87416888145707,624,Oregon,71.68550145688516,88.95826755546067,160.64376901234584,-17.272766098575502,65.99578651685393,72.42037407166323,90.18540238152075,162.60577645318398,-17.765028309857513,66.56024280337077,69.59883952829699,87.3819165822313,156.9807561105283,-17.783077053934306,66.08568544629513,-13.115501595626306,66.08568544629513,-7.0972061028194275,66.08568544629513,Nebraska Omaha,Oregon,12/28,Away,Oregon,L by 23,-1.5,1.5,-21.5,-14.5,151.5,12/28/2025,12/28/2025Nebraska Omaha Mavericks,Nebraska Omaha,Nebraska Omaha,Nebraska Omaha,0,1,0,1,0,1,0,1,0,1,0,1,0,1,0,1,97.97013292561027,89.41849067264621,95.4831849595686,8.551642252964058,2.4869479660416687,8.384498404373694,7.6,4.4,3.984498404373694,Nebraska Omaha,Nebraska Omaha,1
14,GonzagaPepperdine12-28,2025-12-28,WCC at WCC,2 Gonzaga at 255 Pepperdine,"Gonzaga -22.7, 86-63 (97%)",45.812992009386925,1,H,Gonzaga,12/28/2025,124.01008749580984,95.23202013374434,0.9541977116753236,1.0,85.55110844425134,Pepperdine,102.02700593455415,106.71070814821384,0.3737492720703639,0.0,62.81433467365941,70.09838778665215,,1,"Gonzaga, 96-56",70.7625,70.7625,96.0,56.0,Gonzaga,Pepperdine,72.49190221353604,68.12450523836452,111.5507144121378,74.88096906589655,80.22386865827171,95.98941481079594,0.8391031207900803,0.1608968792099196,0.8391031207900803,0.9179244163953508,0.3681919403231508,739613,1.3566507684154745,0.7913796149090266,1.0740151916622505,2,255,0.9898859565597551,0.11271600911961549,"['12/28/25', 200.0, 'Gonzaga', 'Pepperdine', 36.0, 67.0, 10.0, 22.0, 14.0, 19.0, 13.0, 31.0, 44.0, 21.0, 8.0, 7.0, 9.0, 21.0, 96.0, 19.0, 56.0, 5.0, 19.0, 13.0, 20.0, 10.0, 21.0, 31.0, 11.0, 6.0, 2.0, 14.0, 13.0, 56.0, 70.7625, '', 'Gonzaga', 'Pepperdine']",Gonzaga,Pepperdine,22.73677377059193,148.36544311791076,-11.1,-14.3,-4.1,7.0,71.2,101.4,20251228,32.7,126.3,93.6,71.5,-7.300000000000011,101.6,108.9,67.9,40.0,111.5507144121378,74.88096906589655,80.22386865827171,95.98941481079594,279,639,Gonzaga,279,29.977800000000002,124.604,94.6262,71.6629,Pepperdine,639,-6.745999999999995,101.15,107.896,67.4054,Gonzaga,71.70739776260513,36.47062571183971,30.68049344034634,121.71962493718132,91.039131496835,279,Gonzaga,Gonzaga,Pepperdine,67.22746109118135,-2.5646358480234714,-3.8526310449048387,101.33948975290308,105.19212079780792,639,Pepperdine,89.91723168389034,65.75114712458426,155.66837880847459,24.16608455930607,68.18609550561798,87.45049639705536,65.84522979179842,153.2957261888538,21.605266605256944,67.84362977050561,83.11709773528192,63.33961992104142,146.45671765632335,19.7774778142405,67.70654905948597,24.21225308560433,67.70654905948597,-9.438699178186695,67.70654905948597,Gonzaga,Pepperdine,12/28,Away,Pepperdine,W by 40,10.5,-10.5,29.5,-0.5,152.5,12/28/2025,12/28/2025Gonzaga Bulldogs,Gonzaga,Gonzaga,Gonzaga,0,1,0,1,0,1,0,1,0,1,1,0,0,1,0,1,0.2480742455709284,1.0557303714012534,2.9811627817387,0.807656125830325,2.7330885361677715,-5.287746914395669,11.1,14.3,-19.58774691439567,Pepperdine,Pepperdine,1
15,ColumbiaNorth Florida12-28,2025-12-28,Ivy at ASun,125 Columbia at 328 North Florida,"Columbia -9.7, 86-76 (80%)",34.50661855863604,0,H,Columbia,12/28/2025,109.12657042942064,108.07586104389392,0.5277869871680312,1.0,85.54999290920186,North Florida,106.45503051136669,118.87164958626153,0.2194799708871145,0.0,75.87628773576164,71.50865119460164,,1,"Columbia, 90-82",71.8375,71.8375,90.0,82.0,Columbia,North Florida,68.63354286079483,72.69456918634755,112.285404184537,118.48797990947402,116.7109972075111,122.3125694077298,1.0,0.0,1.0,0.959573688454415,0.9156989234488871,739613,1.2528275622063685,1.141465112232469,1.1971463372194189,125,328,0.3501618531796326,0.3683948774213329,"['12/28/25', 200.0, 'Columbia', 'North Florida', 32.0, 55.0, 9.0, 20.0, 17.0, 21.0, 5.0, 30.0, 35.0, 18.0, 6.0, 1.0, 11.0, 12.0, 90.0, 30.0, 65.0, 11.0, 29.0, 11.0, 12.0, 6.0, 20.0, 26.0, 14.0, 3.0, 1.0, 8.0, 17.0, 82.0, 71.8375, '', 'Columbia', 'North Florida']",Columbia,North Florida,9.673705173440226,161.4262806449635,4.3,-3.5,-1.3,-5.5,71.2,101.4,20251228,3.200000000000003,109.4,106.2,68.5,-17.89999999999999,104.9,122.8,72.0,8.0,112.285404184537,118.48797990947402,116.7109972075111,122.3125694077298,164,577,Columbia,164,3.9280000000000115,110.165,106.237,68.2473,North Florida,577,-16.525000000000006,103.401,119.926,72.2776,Columbia,67.82523336809344,12.009647264622053,6.341532311250666,109.94928356528189,103.60775125403123,164,Columbia,Columbia,North Florida,71.77386764823275,-11.879532026555044,-12.641886546937826,105.82797469929201,118.46986124622984,577,North Florida,89.22255136829199,78.24940325595504,167.47195462424702,10.973148112336943,69.26966292134831,87.75706020641871,77.16985713533406,164.92691734175276,10.587203071084659,69.28021138314607,85.38740420360405,76.0165823442786,161.40398654788265,9.370821859325446,68.37190060353986,14.417827231408552,68.37190060353986,1.0222966578241284,68.37190060353986,Columbia,North Florida,12/28,Away,N Florida,W by 8,-3.5,3.5,11.5,9.5,162.5,12/28/2025,12/28/2025Columbia Lions,Columbia,Columbia,Columbia,1,0,1,0,1,0,1,0,1,0,0,1,0,1,1,0,13.670617005697384,8.485652712237624,18.607341946125068,5.18496429345976,4.936724940427684,2.917827231408552,4.3,3.5,-0.5821727685914482,North Florida,Columbia,0
16,WinthropTexas Tech12-28,2025-12-28,BSth at B12,159 Winthrop at 25 Texas Tech,"Texas Tech -21.4, 93-71 (94%)",45.711491419240446,0,H,Winthrop,12/28/2025,113.8625423639471,116.3198834648971,0.4389194202829495,0.0,71.19029657481555,Texas Tech,124.18779771848666,99.5670792060563,0.9269718614407154,1.0,92.5432550182824,68.85897443696538,Winthrop,1,"Texas Tech, 87-57",70.63749999999999,70.63749999999999,57.0,87.0,Texas Tech,Winthrop,71.50807536031641,70.0566800104314,83.2207712859084,111.26809295836487,118.79430248058333,72.77238812855452,1.0,0.0,1.0,0.3446207488871183,0.9394658763342127,739613,0.8069368253406478,1.2316404176251994,1.0192886214829235,159,25,0.034220057704663416,0.9964443441251061,"['12/28/25', 200.0, 'Winthrop', 'Texas Tech', 19.0, 60.0, 4.0, 25.0, 15.0, 23.0, 16.0, 18.0, 34.0, 8.0, 11.0, 0, 15.0, 22.0, 57.0, 27.0, 54.0, 10.0, 26.0, 23.0, 26.0, 9.0, 29.0, 38.0, 14.0, 8.0, 5.0, 14.0, 19.0, 87.0, 70.63749999999999, '', 'Texas Tech', 'Winthrop']",Winthrop,Texas Tech,-21.352958443466846,163.73355159309796,-16.7,-13.2,-11.2,5.5,71.2,101.4,20251228,4.199999999999989,117.1,112.9,69.5,21.5,123.5,102.0,68.1,-30.0,83.2207712859084,111.26809295836487,118.79430248058333,72.77238812855452,993,856,Winthrop,993,2.753,117.11,114.357,69.4792,Texas Tech,856,19.491,122.537,103.046,68.1052,Winthrop,69.19807426423502,6.117159841722199,3.6987353836442454,117.91619836902714,114.2174629853829,993,Winthrop,Winthrop,Texas Tech,68.20303410457754,18.573889290684892,20.383630540581276,121.1105072899971,100.72687674941585,856,Texas Tech,76.12457212252127,93.98331887302669,170.10789099554796,-17.858746750505418,66.47401685393258,76.89464252007069,94.43283772042554,171.32748024049624,-17.53819520035485,66.45919679550562,75.48356826735733,92.97581580169337,168.4593840690507,-17.492247534336045,66.28537386256616,-10.34211191363724,66.28537386256616,-12.872752174858064,66.28537386256616,Winthrop,Texas Tech,12/28,Away,Texas Tech,L by 30,-12.0,12.0,-18.0,-19.0,163.0,12/28/2025,12/28/2025Winthrop Eagles,Winthrop,Winthrop,Winthrop,0,1,0,1,0,1,0,1,0,1,0,1,0,1,0,1,95.67618672531671,83.76788868275844,95.21361555630638,11.908298042558272,0.4625711690103316,7.65788808636276,16.7,13.2,-5.542111913637239,Winthrop,Winthrop,1
17,LibertyFIU12-28,2025-12-28,CUSA at CUSA,101 Liberty at 163 FIU,"Liberty -0.9, 77-76 (54%)",63.00403834975076,1,H,Liberty,12/28/2025,112.8288387299785,108.47878680632827,0.6111501218387911,1.0,77.306481975417,FIU,111.23382212014394,108.2647314262185,0.5771617982941928,0.0,76.36431647098192,68.6208658384513,,1,"Liberty, 97-94",68.23333333333332,76.76249999999999,97.0,94.0,Liberty,FIU,64.76606240964543,72.4242554678871,125.4423979120524,120.45233510668676,123.5114625787053,120.36805192962368,1.0,0.0,1.0,0.8302183874255588,0.8853811850818091,739613,1.2636378439993488,1.2245562611952452,1.244097052597297,101,163,0.6146294923779108,0.5735788409053449,"['12/28/25', 225.0, 'Liberty', 'FIU', 35.0, 69.0, 15.0, 40.0, 12.0, 16.0, 11.0, 20.0, 31.0, 22.0, 7.0, 4.0, 10.0, 17.0, 97.0, 36.0, 73.0, 6.0, 17.0, 16.0, 23.0, 20.0, 25.0, 45.0, 12.0, 6.0, 2.0, 14.0, 20.0, 94.0, 76.76249999999999, '', 'Liberty', 'FIU']",Liberty,FIU,0.9421655044350814,153.67079844639892,-11.1,-6.8,-4.2,6.9,71.2,101.4,20251228,7.299999999999997,114.7,107.4,65.3,-2.0,107.2,109.2,72.9,3.0,125.4423979120524,120.45233510668676,123.5114625787053,120.36805192962368,387,241,Liberty,387,7.6710000000000065,113.271,105.6,65.3899,FIU,241,-0.22500000000000853,108.463,108.688,72.4906,Liberty,65.22866753663875,5.008934548973249,7.29142744910293,112.64479807538167,105.35337062627873,387,Liberty,Liberty,FIU,72.3043191439322,4.357481578479681,1.504638110265022,108.02824344985757,106.52360533959256,241,FIU,80.29021985234027,78.05446254436852,158.34468239670878,2.2357573079717525,66.85912921348314,78.58299569970188,77.32071469313667,155.90371039283855,1.2622810065652175,66.57518377724719,76.20713364673806,76.44453769536608,152.65167134210412,-0.23740404862802222,66.24037071492386,-1.5100664000469237,66.24037071492386,-9.232450389504656,66.24037071492386,Liberty,FIU,12/28,Away,Florida Intl,W by 3,-1.5,1.5,4.5,38.5,152.5,12/28/2025,12/28/2025Liberty Flames,Liberty,Liberty,Liberty,1,0,1,0,1,0,1,0,1,0,1,0,1,0,1,0,33.41175708976246,55.71770558113312,50.901928035170876,22.305948491370657,17.490170945408416,-6.010066400046924,11.1,6.8,-12.810066400046924,FIU,FIU,1
18,Charleston SouthernRichmond12-28,2025-12-28,BSth at A10,197 Charleston Southern at 105 Richmond,"Richmond -11.6, 83-72 (83%)",42.49264685502689,0,H,Charleston Southern,12/28/2025,103.93268948141638,110.12776963331368,0.3394324909929618,1.0,71.75770484531941,Richmond,112.25342342223948,103.37982259203532,0.7205146833190575,0.0,83.30870472753868,72.765587792914,,1,"Charleston Southern, 77-72",72.35,72.35,77.0,72.0,Charleston Southern,Richmond,71.47943921181361,69.57679883459753,112.17441222317566,95.62077176619717,97.46641575300993,111.57770373171434,1.0,0.0,1.0,0.721375096786287,0.9593937595710949,739613,1.0642709053213546,0.995162404975812,1.0297166551485837,197,105,0.8624922202496987,0.17437193035101825,"['12/28/25', 200.0, 'Charleston Southern', 'Richmond', 26.0, 65.0, 10.0, 37.0, 15.0, 23.0, 16.0, 31.0, 47.0, 10.0, 6.0, 4.0, 13.0, 21.0, 77.0, 20.0, 59.0, 7.0, 18.0, 25.0, 29.0, 10.0, 29.0, 39.0, 10.0, 11.0, 2.0, 9.0, 16.0, 72.0, 72.35, '', 'Charleston Southern', 'Richmond']",Charleston Southern,Richmond,-11.550999882219273,155.0664095728581,8.0,4.6,6.1,-1.9,71.2,101.4,20251228,-6.799999999999997,104.4,111.2,71.6,7.799999999999997,111.6,103.8,70.1,5.0,112.17441222317566,95.62077176619717,97.46641575300993,111.57770373171434,136,680,Charleston Southern,136,-5.513000000000005,104.448,109.961,71.8791,Richmond,680,7.402999999999992,111.806,104.403,69.9572,Charleston Southern,71.48366696283921,0.16881905085477672,-4.125931132658114,104.38955893993791,108.51549007259604,136,Charleston Southern,Charleston Southern,Richmond,69.78440121635278,13.537233116723495,9.477529985342876,111.04502196967375,101.5674919843309,680,Richmond,73.24277219078853,88.707018685591,161.94979087637952,-15.464246494802467,70.49382022471909,73.83869920916094,88.04339925308274,161.88209846224368,-14.204700043921804,70.6244462713483,71.22178460467529,85.60792508712346,156.82970969179877,-14.38614048244817,70.06242831110833,-11.462422615581147,70.06242831110833,3.6020495643306987,70.06242831110833,Charleston Southern,Richmond,12/28,Away,Richmond,W by 5,16.5,-16.5,-11.5,-10.5,159.5,12/28/2025,12/28/2025Charleston Southern Buccaneers,Charleston Southern,Charleston Southern,Charleston Southern,0,1,0,1,0,1,0,1,0,1,1,0,1,0,1,0,86.32938299430262,86.2508558881995,91.46735008836934,0.07852710610312386,5.137967094066724,0.037577384418852944,8.0,4.6,4.637577384418853,Richmond,Charleston Southern,0
19,Louisiana MonroeKansas St.12-28,2025-12-28,SB at B12,352 Louisiana Monroe at 74 Kansas St.,"Kansas St. -32.8, 104-71 (98%)",28.24317722967749,0,H,Louisiana Monroe,12/28/2025,98.56573151803158,121.01155034764538,0.0863241075970632,0.0,71.47216452260054,Kansas St.,119.5093368019528,104.99136733274192,0.8159939421633836,1.0,104.29657136509265,76.81613443864495,,1,"Kansas St., 94-85",79.275,79.275,85.0,94.0,Kansas St.,Louisiana Monroe,74.00016129217795,76.43318150670896,106.4454243337142,104.21000954768434,102.91636701943348,113.38474817757596,0.9651572165780232,0.4593396691326405,0.9651572165780232,0.6008170364897415,0.9922779437828952,739613,1.0722169662567014,1.1857458215074108,1.128981393882056,352,74,0.5607184944790776,0.24712456171990163,"['12/28/25', 200.0, 'Louisiana Monroe', 'Kansas St.', 27.0, 55.0, 7.0, 18.0, 24.0, 34.0, 7.0, 23.0, 30.0, 15.0, 10.0, 4.0, 15.0, 20.0, 85.0, 33.0, 70.0, 10.0, 35.0, 18.0, 24.0, 15.0, 28.0, 43.0, 25.0, 8.0, 2.0, 13.0, 23.0, 94.0, 79.275, '', 'Kansas St.', 'Louisiana Monroe']",Louisiana Monroe,Kansas St.,-32.82440684249211,175.7687358876932,-3.6,-13.6,1.9,5.5,71.2,101.4,20251228,-21.60000000000001,99.1,120.7,70.9,13.100000000000009,118.7,105.6,73.2,-9.0,106.4454243337142,104.21000954768434,102.91636701943348,113.38474817757596,897,359,Louisiana Monroe,897,-21.215900000000005,98.6231,119.839,71.3928,Kansas St.,359,13.033000000000001,118.237,105.204,73.7883,Louisiana Monroe,70.6211721334399,-21.408044134363813,-19.50406427599336,100.2457647918682,119.74982906786157,897,Louisiana Monroe,Louisiana Monroe,Kansas St.,73.0066509315477,17.8925280483272,15.633006670217881,118.68198347011082,103.04897679989297,359,Kansas St.,73.13592695194265,105.8944664874843,179.03039343942694,-32.758539535541644,72.89157303370787,73.60184538144941,106.3044536203197,179.90629900176913,-32.7026082388703,73.98810876741574,71.72044019450105,104.35541923877277,176.07585943327382,-32.63497904427172,72.41313570678076,-30.45070473190478,72.41313570678076,-4.709460693826202,72.41313570678076,Louisiana Monroe,Kansas St.,12/28,Away,Kansas St,L by 9,23.5,-23.5,-32.5,10.0,169.0,12/28/2025,12/28/2025UL Monroe Warhawks,Louisiana Monroe,Louisiana Monroe,Louisiana Monroe,0,1,1,0,0,1,1,0,0,1,1,0,1,0,1,0,99.90167251777576,99.81345861787857,99.90585067514684,0.08821389989719819,0.004178157371072189,2.0492952680952214,3.6,13.6,-11.550704731904778,Kansas St.,Louisiana Monroe,0
20,Old DominionMaryland12-28,2025-12-28,SB at B10,238 Old Dominion at 112 Maryland,"Maryland -13.4, 82-68 (87%)",35.62731486498672,0,H,Old Dominion,12/28/2025,102.87786936555212,112.124341721641,0.2709599116135233,0.0,68.3335422008898,Maryland,112.88477645932096,104.53767390470476,0.7075327320732478,1.0,81.69608487278282,69.48493573297827,,1,"Maryland, 73-58",68.05000000000001,68.05000000000001,58.0,73.0,Maryland,Old Dominion,68.02107909643132,67.73554547081768,82.54671007773553,108.46487157082092,109.20048753871852,83.87849702981853,1.0,0.0,1.0,0.7339736380362143,0.9702958256920864,739613,0.8523144746509917,1.0727406318883173,0.9625275532696546,238,112,0.04147863153377186,0.9540817519211886,"['12/28/25', 200.0, 'Old Dominion', 'Maryland', 21.0, 57.0, 4.0, 18.0, 12.0, 19.0, 11.0, 30.0, 41.0, 5.0, 4.0, 3.0, 13.0, 18.0, 58.0, 24.0, 60.0, 11.0, 29.0, 14.0, 17.0, 8.0, 28.0, 36.0, 14.0, 6.0, 6.0, 8.0, 19.0, 73.0, 68.05000000000001, '', 'Maryland', 'Old Dominion']",Old Dominion,Maryland,-13.362542671893024,150.0296270736726,0.8,-3.9,2.7,1.9,71.2,101.4,20251228,-4.900000000000006,106.1,111.0,69.6,7.5,112.2,104.7,69.3,-15.0,82.54671007773553,108.46487157082092,109.20048753871852,83.87849702981853,616,438,Old Dominion,616,-4.3359999999999985,106.444,110.78,69.4874,Maryland,438,4.47999999999999,111.666,107.186,69.2489,Old Dominion,69.08008829610347,-2.7704463440305274,-2.9152646246460296,105.79841625185747,108.71368087650352,616,Old Dominion,Old Dominion,Maryland,69.09354674567656,-2.497177415297743,2.8805244668775614,109.54333804298479,106.66281357610724,438,Maryland,72.1506787536447,85.54926276525843,157.69994151890313,-13.398584011613735,67.74269662921347,73.92887080906799,84.77332604883176,158.70219685789976,-10.844455239763775,67.58323053174158,72.53012967539361,80.95030759791129,153.48043727330491,-8.42017792251768,67.03635266688609,-2.010770277700587,67.03635266688609,-1.3838984644552141,67.03635266688609,Old Dominion,Maryland,12/28,Away,Maryland,L by 15,-0.5,0.5,-14.5,-24.0,155.0,12/28/2025,12/28/2025Old Dominion Monarchs,Old Dominion,Old Dominion,Old Dominion,0,1,0,1,0,1,0,1,0,1,1,0,0,1,0,1,91.63531986724158,57.5933816173491,78.87008756238127,34.041938249892475,12.765232304860305,12.489229722299413,0.8,3.9,8.589229722299413,Old Dominion,Old Dominion,1
